,Filename,Polycount,Non-Manifold Parts,Self Intersecting Parts
0,3d-vh-f-eye-l-100.fbx,124284,"['VH_F_palpebral_conjunctiva_of_left_upper_eyelid', 'VH_F_palpebral_conjunctiva_of_left_lower_eyelid', 'VH_F_bulbar_conjunctiva_L', 'VH_F_iris_L', 'VH_F_trabecular_meshwork_L', 'VH_F_ciliary_muscle_L', 'VH_F_aqueous_humor_L', 'VH_F_ora_serrata_of_retina_L']","['VH_F_palpebral_conjunctiva_of_left_upper_eyelid', 'VH_F_palpebral_conjunctiva_of_left_lower_eyelid', 'VH_F_bulbar_conjunctiva_L', 'VH_F_iris_L', 'VH_F_ciliary_muscle_L', 'VH_F_ora_serrata_of_retina_L', 'VH_F_pupil_L', 'VH_F_optic_choroid_L', 'VH_F_sclera_L']"
1,3d-vh-f-eye-l-20.fbx,23978,"['VH_F_palpebral_conjunctiva_of_left_upper_eyelid', 'VH_F_palpebral_conjunctiva_of_left_lower_eyelid', 'VH_F_bulbar_conjunctiva_L', 'VH_F_iris_L', 'VH_F_trabecular_meshwork_L', 'VH_F_ciliary_muscle_L', 'VH_F_aqueous_humor_L', 'VH_F_ora_serrata_of_retina_L', 'VH_F_pupil_L']","['VH_F_palpebral_conjunctiva_of_left_upper_eyelid', 'VH_F_palpebral_conjunctiva_of_left_lower_eyelid', 'VH_F_iris_L', 'VH_F_ciliary_muscle_L']"
2,3d-vh-f-eye-l-40.fbx,48311,"['VH_F_palpebral_conjunctiva_of_left_upper_eyelid', 'VH_F_palpebral_conjunctiva_of_left_lower_eyelid', 'VH_F_bulbar_conjunctiva_L', 'VH_F_iris_L', 'VH_F_trabecular_meshwork_L', 'VH_F_ciliary_muscle_L', 'VH_F_aqueous_humor_L', 'VH_F_ora_serrata_of_retina_L']","['VH_F_palpebral_conjunctiva_of_left_upper_eyelid', 'VH_F_palpebral_conjunctiva_of_left_lower_eyelid', 'VH_F_bulbar_conjunctiva_L', 'VH_F_iris_L', 'VH_F_ciliary_muscle_L', 'VH_F_pupil_L']"
3,3d-vh-f-eye-l-80.fbx,98486,"['VH_F_palpebral_conjunctiva_of_left_upper_eyelid', 'VH_F_palpebral_conjunctiva_of_left_lower_eyelid', 'VH_F_bulbar_conjunctiva_L', 'VH_F_iris_L', 'VH_F_trabecular_meshwork_L', 'VH_F_ciliary_muscle_L', 'VH_F_aqueous_humor_L', 'VH_F_ora_serrata_of_retina_L']","['VH_F_palpebral_conjunctiva_of_left_upper_eyelid', 'VH_F_palpebral_conjunctiva_of_left_lower_eyelid', 'VH_F_bulbar_conjunctiva_L', 'VH_F_iris_L', 'VH_F_ciliary_muscle_L', 'VH_F_pupil_L', 'VH_F_sclera_L']"
4,3d-vh-f-eye-r-100.fbx,124556,"['VH_F_palpebral_conjunctiva_of_right_upper_eyelid', 'VH_F_palpebral_conjunctiva_of_right_lower_eyelid', 'VH_F_pupil_R', 'VH_F_ora_serrata_of_retina_R', 'VH_F_schlemms_canal_R', 'VH_F_aqueous_humor_R', 'VH_F_ciliary_muscle_R', 'VH_F_trabecular_meshwork_R', 'VH_F_iris_R', 'VH_F_bulbar_conjunctiva_R']","['VH_F_optic_disc_R', 'VH_F_palpebral_conjunctiva_of_right_upper_eyelid', 'VH_F_palpebral_conjunctiva_of_right_lower_eyelid', 'VH_F_ora_serrata_of_retina_R', 'VH_F_aqueous_humor_R', 'VH_F_ciliary_muscle_R', 'VH_F_iris_R', 'VH_F_bulbar_conjunctiva_R']"
5,3d-vh-f-eye-r-20.fbx,24102,"['VH_F_palpebral_conjunctiva_of_right_upper_eyelid', 'VH_F_palpebral_conjunctiva_of_right_lower_eyelid', 'VH_F_pupil_R', 'VH_F_ora_serrata_of_retina_R', 'VH_F_aqueous_humor_R', 'VH_F_ciliary_muscle_R', 'VH_F_trabecular_meshwork_R', 'VH_F_iris_R', 'VH_F_bulbar_conjunctiva_R']","['VH_F_palpebral_conjunctiva_of_right_upper_eyelid', 'VH_F_palpebral_conjunctiva_of_right_lower_eyelid', 'VH_F_ciliary_muscle_R', 'VH_F_iris_R']"
6,3d-vh-f-eye-r-40.fbx,48567,"['VH_F_palpebral_conjunctiva_of_right_upper_eyelid', 'VH_F_palpebral_conjunctiva_of_right_lower_eyelid', 'VH_F_pupil_R', 'VH_F_ora_serrata_of_retina_R', 'VH_F_aqueous_humor_R', 'VH_F_ciliary_muscle_R', 'VH_F_trabecular_meshwork_R', 'VH_F_iris_R', 'VH_F_bulbar_conjunctiva_R']","['VH_F_optic_disc_R', 'VH_F_palpebral_conjunctiva_of_right_upper_eyelid', 'VH_F_palpebral_conjunctiva_of_right_lower_eyelid', 'VH_F_ciliary_muscle_R', 'VH_F_iris_R', 'VH_F_bulbar_conjunctiva_R']"
7,3d-vh-f-eye-r-80.fbx,98738,"['VH_F_palpebral_conjunctiva_of_right_upper_eyelid', 'VH_F_palpebral_conjunctiva_of_right_lower_eyelid', 'VH_F_pupil_R', 'VH_F_ora_serrata_of_retina_R', 'VH_F_aqueous_humor_R', 'VH_F_ciliary_muscle_R', 'VH_F_trabecular_meshwork_R', 'VH_F_iris_R', 'VH_F_bulbar_conjunctiva_R']","['VH_F_optic_disc_R', 'VH_F_palpebral_conjunctiva_of_right_upper_eyelid', 'VH_F_palpebral_conjunctiva_of_right_lower_eyelid', 'VH_F_ciliary_muscle_R', 'VH_F_bulbar_conjunctiva_R']"
8,3d-vh-f-larynx-100.fbx,17283,[],[]
9,3d-vh-f-larynx-20.fbx,3456,[],[]
10,3d-vh-f-larynx-40.fbx,6916,[],[]
11,3d-vh-f-larynx-80.fbx,13832,[],[]
12,3d-vh-f-lung-100.fbx,275602,"['VH_F_right_posterior_basal_bronchopulmonary_segment', 'VH_F_cartilage_of_lobar_bronchus_L', 'VH_F_cartilage_of_tertiary_bronchus_L', 'VH_F_left_apical_bronchus', 'VH_F_cartilage_of_lobar_bronchus_R', 'VH_F_cartilage_of_tertiary_bronchus_R', 'VH_F_right_superior_lobar_bronchus', 'VH_F_right_medial_bronchus', 'VH_F_right_posterior_bronchus', 'VH_F_right_apical_bronchus']","['VH_F_hilum_L', 'VH_F_hilum_upper_L', 'VH_F_lingula_superior_bronchopulmonary_segment', 'VH_F_left_anterior_bronchopulmonary_segment', 'VH_F_left_apical_bronchopulmonary_segment', 'VH_F_left_posterior_bronchopulmonary_segment', 'VH_F_lingula_inferior_bronchopulmonary_segment', 'VH_F_left_superior_bronchopulmonary_segment', 'VH_F_left_posterior_basal_bronchopulmonary_segment', 'VH_F_left_anterior_basal_bronchopulmonary_segment', 'VH_F_left_lateral_basal_bronchopulmonary_segment', 'VH_F_left_medial_basal_bronchopulmonary_segment', 'VH_F_hilum_lower_L', 'VH_F_hilum_R', 'VH_F_right_medial_basal_bronchopulmonary_segment', 'VH_F_right_anterior_basal_bronchopulmonary_segment', 'VH_F_right_lateral_basal_bronchopulmonary_segment', 'VH_F_right_superior_bronchopulmonary_segment', 'VH_F_hilum_lower_R', 'VH_F_right_medial_bronchopulmonary_segment', 'VH_F_right_lateral_bronchopulmonary_segmennt', 'VH_F_hilum_middle_R', 'VH_F_right_anterior_bronchopulmonary_segm', 'VH_F_right_posterior_bronchopulmonary_segment', 'VH_F_hilum_upper_R', 'VH_F_cartilage_of_lobar_bronchus_L', 'VH_F_cartilage_of_tertiary_bronchus_L', 'VH_F_left_anterior_basal_bronchus', 'VH_F_cartilage_of_lobar_bronchus_R', 'VH_F_cartilage_of_tertiary_bronchus_R', 'VH_F_right_apical_bronchus']"
13,3d-vh-f-lung-20.fbx,55614,"['VH_F_cartilage_of_lobar_bronchus_L', 'VH_F_cartilage_of_tertiary_bronchus_L', 'VH_F_left_apical_bronchus', 'VH_F_cartilage_of_lobar_bronchus_R', 'VH_F_cartilage_of_tertiary_bronchus_R', 'VH_F_right_medial_bronchus', 'VH_F_right_posterior_bronchus', 'VH_F_right_apical_bronchus']","['VH_F_hilum_L', 'VH_F_hilum_upper_L', 'VH_F_lingula_superior_bronchopulmonary_segment', 'VH_F_left_posterior_bronchopulmonary_segment', 'VH_F_lingula_inferior_bronchopulmonary_segment', 'VH_F_left_posterior_basal_bronchopulmonary_segment', 'VH_F_left_anterior_basal_bronchopulmonary_segment', 'VH_F_left_lateral_basal_bronchopulmonary_segment', 'VH_F_left_medial_basal_bronchopulmonary_segment', 'VH_F_hilum_lower_L', 'VH_F_hilum_R', 'VH_F_right_medial_basal_bronchopulmonary_segment', 'VH_F_right_anterior_basal_bronchopulmonary_segment', 'VH_F_right_lateral_basal_bronchopulmonary_segment', 'VH_F_hilum_lower_R', 'VH_F_right_medial_bronchopulmonary_segment', 'VH_F_hilum_middle_R', 'VH_F_right_posterior_bronchopulmonary_segment', 'VH_F_hilum_upper_R', 'VH_F_cartilage_of_lobar_bronchus_L', 'VH_F_cartilage_of_tertiary_bronchus_L', 'VH_F_cartilage_of_lobar_bronchus_R', 'VH_F_cartilage_of_tertiary_bronchus_R', 'VH_F_right_apical_bronchus']"
14,3d-vh-f-lung-40.fbx,111993,"['VH_F_cartilage_of_lobar_bronchus_L', 'VH_F_cartilage_of_tertiary_bronchus_L', 'VH_F_left_apical_bronchus', 'VH_F_cartilage_of_lobar_bronchus_R', 'VH_F_cartilage_of_tertiary_bronchus_R', 'VH_F_right_superior_lobar_bronchus', 'VH_F_right_medial_bronchus', 'VH_F_right_posterior_bronchus', 'VH_F_right_apical_bronchus']","['VH_F_hilum_L', 'VH_F_hilum_upper_L', 'VH_F_lingula_superior_bronchopulmonary_segment', 'VH_F_left_anterior_bronchopulmonary_segment', 'VH_F_left_apical_bronchopulmonary_segment', 'VH_F_left_posterior_bronchopulmonary_segment', 'VH_F_lingula_inferior_bronchopulmonary_segment', 'VH_F_left_superior_bronchopulmonary_segment', 'VH_F_left_posterior_basal_bronchopulmonary_segment', 'VH_F_left_anterior_basal_bronchopulmonary_segment', 'VH_F_left_lateral_basal_bronchopulmonary_segment', 'VH_F_left_medial_basal_bronchopulmonary_segment', 'VH_F_hilum_lower_L', 'VH_F_hilum_R', 'VH_F_right_medial_basal_bronchopulmonary_segment', 'VH_F_right_posterior_basal_bronchopulmonary_segment', 'VH_F_right_anterior_basal_bronchopulmonary_segment', 'VH_F_right_lateral_basal_bronchopulmonary_segment', 'VH_F_hilum_lower_R', 'VH_F_right_lateral_bronchopulmonary_segmennt', 'VH_F_hilum_middle_R', 'VH_F_right_anterior_bronchopulmonary_segm', 'VH_F_right_posterior_bronchopulmonary_segment', 'VH_F_hilum_upper_R', 'VH_F_cartilage_of_lobar_bronchus_L', 'VH_F_cartilage_of_tertiary_bronchus_L', 'VH_F_cartilage_of_lobar_bronchus_R', 'VH_F_cartilage_of_tertiary_bronchus_R']"
15,3d-vh-f-lung-80.fbx,226082,"['VH_F_right_posterior_basal_bronchopulmonary_segment', 'VH_F_cartilage_of_lobar_bronchus_L', 'VH_F_cartilage_of_tertiary_bronchus_L', 'VH_F_left_apical_bronchus', 'VH_F_cartilage_of_lobar_bronchus_R', 'VH_F_cartilage_of_tertiary_bronchus_R', 'VH_F_right_superior_lobar_bronchus', 'VH_F_right_medial_bronchus', 'VH_F_right_posterior_bronchus', 'VH_F_right_apical_bronchus']","['VH_F_hilum_L', 'VH_F_hilum_upper_L', 'VH_F_lingula_superior_bronchopulmonary_segment', 'VH_F_left_apical_bronchopulmonary_segment', 'VH_F_left_posterior_bronchopulmonary_segment', 'VH_F_lingula_inferior_bronchopulmonary_segment', 'VH_F_left_superior_bronchopulmonary_segment', 'VH_F_left_posterior_basal_bronchopulmonary_segment', 'VH_F_left_anterior_basal_bronchopulmonary_segment', 'VH_F_left_lateral_basal_bronchopulmonary_segment', 'VH_F_left_medial_basal_bronchopulmonary_segment', 'VH_F_hilum_lower_L', 'VH_F_hilum_R', 'VH_F_right_medial_basal_bronchopulmonary_segment', 'VH_F_right_anterior_basal_bronchopulmonary_segment', 'VH_F_right_lateral_basal_bronchopulmonary_segment', 'VH_F_hilum_lower_R', 'VH_F_right_medial_bronchopulmonary_segment', 'VH_F_right_lateral_bronchopulmonary_segmennt', 'VH_F_hilum_middle_R', 'VH_F_right_anterior_bronchopulmonary_segm', 'VH_F_right_apical_bronchopulmonary_segment', 'VH_F_right_posterior_bronchopulmonary_segment', 'VH_F_hilum_upper_R', 'VH_F_cartilage_of_lobar_bronchus_L', 'VH_F_cartilage_of_tertiary_bronchus_L', 'VH_F_left_anterior_basal_bronchus', 'VH_F_cartilage_of_lobar_bronchus_R', 'VH_F_cartilage_of_tertiary_bronchus_R', 'VH_F_right_apical_bronchus']"
16,3d-vh-f-main-bronchus-100.fbx,31031,"['VH_F_cartilage_of_main_bronchus_R', 'VH_F_cartilage_of_main_bronchus_L']","['VH_F_cartilage_of_main_bronchus_R', 'VH_F_cartilage_of_main_bronchus_L']"
17,3d-vh-f-main-bronchus-20.fbx,6133,"['VH_F_cartilage_of_main_bronchus_R', 'VH_F_cartilage_of_main_bronchus_L']","['VH_F_cartilage_of_main_bronchus_R', 'VH_F_cartilage_of_main_bronchus_L']"
18,3d-vh-f-main-bronchus-40.fbx,12264,"['VH_F_cartilage_of_main_bronchus_R', 'VH_F_cartilage_of_main_bronchus_L']","['VH_F_cartilage_of_main_bronchus_R', 'VH_F_cartilage_of_main_bronchus_L']"
19,3d-vh-f-main-bronchus-80.fbx,25114,"['VH_F_cartilage_of_main_bronchus_R', 'VH_F_cartilage_of_main_bronchus_L']","['VH_F_cartilage_of_main_bronchus_R', 'VH_F_cartilage_of_main_bronchus_L']"
20,3d-vh-f-mammary-gland-l-100.fbx,260653,"['VH_F_fat_L', 'VH_F_areolar_tubercles_L', 'VH_F_areola_L', 'VH_F_mammary_lobes_L', 'VH_F_main_lactiferous_ducts_L', 'VH_F_suspensory_ligaments_L']","['VH_F_fat_L', 'VH_F_areolar_tubercles_L', 'VH_F_nipple_L', 'VH_F_mammary_lobes_L', 'VH_F_main_lactiferous_ducts_L', 'VH_F_main_lactiferous_sinuses_L']"
21,3d-vh-f-mammary-gland-l-20.fbx,51722,"['VH_F_fat_L', 'VH_F_mammary_lobes_L', 'VH_F_main_lactiferous_ducts_L', 'VH_F_suspensory_ligaments_L']","['VH_F_fat_L', 'VH_F_areolar_tubercles_L', 'VH_F_nipple_L', 'VH_F_mammary_lobes_L', 'VH_F_main_lactiferous_ducts_L', 'VH_F_main_lactiferous_sinuses_L']"
22,3d-vh-f-mammary-gland-l-40.fbx,103029,"['VH_F_fat_L', 'VH_F_mammary_lobes_L', 'VH_F_main_lactiferous_ducts_L', 'VH_F_suspensory_ligaments_L']","['VH_F_fat_L', 'VH_F_areolar_tubercles_L', 'VH_F_nipple_L', 'VH_F_mammary_lobes_L', 'VH_F_main_lactiferous_ducts_L', 'VH_F_main_lactiferous_sinuses_L', 'VH_F_suspensory_ligaments_L']"
23,3d-vh-f-mammary-gland-l-80.fbx,206701,"['VH_F_fat_L', 'VH_F_mammary_lobes_L', 'VH_F_main_lactiferous_ducts_L', 'VH_F_suspensory_ligaments_L']","['VH_F_fat_L', 'VH_F_areolar_tubercles_L', 'VH_F_nipple_L', 'VH_F_mammary_lobes_L', 'VH_F_main_lactiferous_ducts_L', 'VH_F_main_lactiferous_sinuses_L', 'VH_F_suspensory_ligaments_L']"
24,3d-vh-f-mammary-gland-r-100.fbx,518833,"['VH_F_fat_R', 'VH_F_areolar_tubercles_R', 'VH_F_main_lactiferous_ducts_R', 'VH_F_mammary_lobes_R', 'VH_F_suspensory_ligaments_R']","['VH_F_fat_R', 'VH_F_areolar_tubercles_R', 'VH_F_nipple_R', 'VH_F_main_lactiferous_sinuses_R', 'VH_F_main_lactiferous_ducts_R', 'VH_F_mammary_lobes_R']"
25,3d-vh-f-mammary-gland-r-20.fbx,103147,"['VH_F_fat_R', 'VH_F_areolar_tubercles_R', 'VH_F_main_lactiferous_sinuses_R', 'VH_F_main_lactiferous_ducts_R', 'VH_F_mammary_lobes_R', 'VH_F_suspensory_ligaments_R']","['VH_F_fat_R', 'VH_F_areolar_tubercles_R', 'VH_F_nipple_R', 'VH_F_main_lactiferous_sinuses_R', 'VH_F_main_lactiferous_ducts_R', 'VH_F_mammary_lobes_R']"
26,3d-vh-f-mammary-gland-r-40.fbx,205123,"['VH_F_fat_R', 'VH_F_areolar_tubercles_R', 'VH_F_main_lactiferous_sinuses_R', 'VH_F_main_lactiferous_ducts_R', 'VH_F_mammary_lobes_R', 'VH_F_suspensory_ligaments_R']","['VH_F_fat_R', 'VH_F_areolar_tubercles_R', 'VH_F_nipple_R', 'VH_F_main_lactiferous_sinuses_R', 'VH_F_main_lactiferous_ducts_R', 'VH_F_mammary_lobes_R']"
27,3d-vh-f-mammary-gland-r-80.fbx,412752,"['VH_F_fat_R', 'VH_F_areolar_tubercles_R', 'VH_F_main_lactiferous_sinuses_R', 'VH_F_main_lactiferous_ducts_R', 'VH_F_mammary_lobes_R', 'VH_F_suspensory_ligaments_R']","['VH_F_fat_R', 'VH_F_areolar_tubercles_R', 'VH_F_nipple_R', 'VH_F_main_lactiferous_sinuses_R', 'VH_F_main_lactiferous_ducts_R', 'VH_F_mammary_lobes_R']"
28,3d-vh-f-palatine-tonsil-l-100.fbx,16588,['VH_F_palatine_tonsil_L'],['VH_F_palatine_tonsil_L']
29,3d-vh-f-palatine-tonsil-l-20.fbx,3325,[],['VH_F_palatine_tonsil_L']
30,3d-vh-f-palatine-tonsil-l-40.fbx,6578,[],['VH_F_palatine_tonsil_L']
31,3d-vh-f-palatine-tonsil-l-80.fbx,13237,['VH_F_palatine_tonsil_L'],['VH_F_palatine_tonsil_L']
32,3d-vh-f-palatine-tonsil-r-100.fbx,12134,[],[]
33,3d-vh-f-palatine-tonsil-r-20.fbx,2430,[],[]
34,3d-vh-f-palatine-tonsil-r-40.fbx,4862,[],[]
35,3d-vh-f-palatine-tonsil-r-80.fbx,9724,[],[]
36,3d-vh-f-skin-100.fbx,382621,[],['VH_F_skin']
37,3d-vh-f-skin-20.fbx,76516,[],['VH_F_skin']
38,3d-vh-f-skin-40.fbx,153042,[],['VH_F_skin']
39,3d-vh-f-skin-80.fbx,306098,[],['VH_F_skin']
40,3d-vh-f-trachea-100.fbx,27205,['VH_F_tracheal_cartilage'],['VH_F_trachea']
41,3d-vh-f-trachea-20.fbx,5460,[],['VH_F_trachea']
42,3d-vh-f-trachea-40.fbx,10947,['VH_F_tracheal_cartilage'],['VH_F_trachea']
43,3d-vh-f-trachea-80.fbx,21958,['VH_F_tracheal_cartilage'],['VH_F_trachea']
44,3d-vh-m-eye-l-100.fbx,124138,"['VH_M_palpebral_conjunctiva_of_upper_eyelid_L', 'VH_M_palpebral_conjunctiva_of_lower_eyelid_L', 'VH_M_bulbar_conjunctiva_L', 'VH_M_iris_L', 'VH_M_trabecular_meshwork_L', 'VH_M_ciliary_muscle_L', 'VH_M_aqueous_humor_L', 'VH_M_ora_serrata_of_retina_L']","['VH_M_optic_disc_L', 'VH_M_palpebral_conjunctiva_of_upper_eyelid_L', 'VH_M_palpebral_conjunctiva_of_lower_eyelid_L', 'VH_M_bulbar_conjunctiva_L', 'VH_M_iris_L', 'VH_M_ciliary_muscle_L', 'VH_M_ora_serrata_of_retina_L', 'VH_M_optic_choroid_L', 'VH_M_sclera_L']"
45,3d-vh-m-eye-l-20.fbx,23953,"['VH_M_optic_disc_L', 'VH_M_palpebral_conjunctiva_of_upper_eyelid_L', 'VH_M_palpebral_conjunctiva_of_lower_eyelid_L', 'VH_M_bulbar_conjunctiva_L', 'VH_M_iris_L', 'VH_M_trabecular_meshwork_L', 'VH_M_ciliary_muscle_L', 'VH_M_aqueous_humor_L', 'VH_M_ora_serrata_of_retina_L']","['VH_M_optic_disc_L', 'VH_M_palpebral_conjunctiva_of_upper_eyelid_L', 'VH_M_palpebral_conjunctiva_of_lower_eyelid_L', 'VH_M_iris_L', 'VH_M_ciliary_muscle_L']"
46,3d-vh-m-eye-l-40.fbx,48224,"['VH_M_optic_disc_L', 'VH_M_palpebral_conjunctiva_of_upper_eyelid_L', 'VH_M_palpebral_conjunctiva_of_lower_eyelid_L', 'VH_M_bulbar_conjunctiva_L', 'VH_M_iris_L', 'VH_M_trabecular_meshwork_L', 'VH_M_ciliary_muscle_L', 'VH_M_aqueous_humor_L', 'VH_M_ora_serrata_of_retina_L']","['VH_M_optic_disc_L', 'VH_M_palpebral_conjunctiva_of_upper_eyelid_L', 'VH_M_palpebral_conjunctiva_of_lower_eyelid_L', 'VH_M_bulbar_conjunctiva_L', 'VH_M_iris_L', 'VH_M_ciliary_muscle_L']"
47,3d-vh-m-eye-l-80.fbx,98339,"['VH_M_optic_disc_L', 'VH_M_palpebral_conjunctiva_of_upper_eyelid_L', 'VH_M_palpebral_conjunctiva_of_lower_eyelid_L', 'VH_M_bulbar_conjunctiva_L', 'VH_M_iris_L', 'VH_M_trabecular_meshwork_L', 'VH_M_ciliary_muscle_L', 'VH_M_aqueous_humor_L', 'VH_M_ora_serrata_of_retina_L']","['VH_M_optic_disc_L', 'VH_M_palpebral_conjunctiva_of_upper_eyelid_L', 'VH_M_palpebral_conjunctiva_of_lower_eyelid_L', 'VH_M_bulbar_conjunctiva_L', 'VH_M_iris_L', 'VH_M_ciliary_muscle_L', 'VH_M_sclera_L']"
48,3d-vh-m-eye-r-100.fbx,124571,"['VH_M_palpebral_conjunctiva_of_upper_eyelid_R', 'VH_M_palpebral_conjunctiva_of_lower_eyelid_R', 'VH_M_pupil_R', 'VH_M_ora_serrata_of_retina_R', 'VH_M_schlemms_canal_R', 'VH_M_aqueous_humor_R', 'VH_M_ciliary_muscle_R', 'VH_M_trabecular_meshwork_R', 'VH_M_iris_R', 'VH_M_bulbar_conjunctiva_R']","['VH_M_optic_disc_R', 'VH_M_palpebral_conjunctiva_of_upper_eyelid_R', 'VH_M_palpebral_conjunctiva_of_lower_eyelid_R', 'VH_M_ora_serrata_of_retina_R', 'VH_M_aqueous_humor_R', 'VH_M_ciliary_muscle_R', 'VH_M_trabecular_meshwork_R', 'VH_M_iris_R', 'VH_M_bulbar_conjunctiva_R']"
49,3d-vh-m-eye-r-20.fbx,24071,"['VH_M_optic_disc_R', 'VH_M_palpebral_conjunctiva_of_upper_eyelid_R', 'VH_M_palpebral_conjunctiva_of_lower_eyelid_R', 'VH_M_pupil_R', 'VH_M_ora_serrata_of_retina_R', 'VH_M_aqueous_humor_R', 'VH_M_ciliary_muscle_R', 'VH_M_trabecular_meshwork_R', 'VH_M_iris_R', 'VH_M_bulbar_conjunctiva_R']","['VH_M_optic_disc_R', 'VH_M_palpebral_conjunctiva_of_upper_eyelid_R', 'VH_M_palpebral_conjunctiva_of_lower_eyelid_R', 'VH_M_ciliary_muscle_R', 'VH_M_iris_R']"
50,3d-vh-m-eye-r-40.fbx,48464,"['VH_M_optic_disc_R', 'VH_M_palpebral_conjunctiva_of_upper_eyelid_R', 'VH_M_palpebral_conjunctiva_of_lower_eyelid_R', 'VH_M_pupil_R', 'VH_M_ora_serrata_of_retina_R', 'VH_M_aqueous_humor_R', 'VH_M_ciliary_muscle_R', 'VH_M_trabecular_meshwork_R', 'VH_M_iris_R', 'VH_M_bulbar_conjunctiva_R']","['VH_M_optic_disc_R', 'VH_M_palpebral_conjunctiva_of_upper_eyelid_R', 'VH_M_palpebral_conjunctiva_of_lower_eyelid_R', 'VH_M_ciliary_muscle_R', 'VH_M_iris_R', 'VH_M_bulbar_conjunctiva_R']"
51,3d-vh-m-eye-r-80.fbx,98712,"['VH_M_palpebral_conjunctiva_of_upper_eyelid_R', 'VH_M_palpebral_conjunctiva_of_lower_eyelid_R', 'VH_M_pupil_R', 'VH_M_ora_serrata_of_retina_R', 'VH_M_aqueous_humor_R', 'VH_M_ciliary_muscle_R', 'VH_M_trabecular_meshwork_R', 'VH_M_iris_R', 'VH_M_bulbar_conjunctiva_R']","['VH_M_optic_disc_R', 'VH_M_palpebral_conjunctiva_of_upper_eyelid_R', 'VH_M_palpebral_conjunctiva_of_lower_eyelid_R', 'VH_M_ciliary_muscle_R', 'VH_M_bulbar_conjunctiva_R']"
52,3d-vh-m-larynx-100.fbx,13198,[],[]
53,3d-vh-m-larynx-20.fbx,2634,[],[]
54,3d-vh-m-larynx-40.fbx,5272,[],[]
55,3d-vh-m-larynx-80.fbx,10554,[],[]
56,3d-vh-m-lung-100.fbx,164739,"['VH_M_left_superior_bronchopulmonary_segment', 'VH_M_left_superior_bronchus', 'VH_M_left_lingula_superior_bronchus', 'VH_M_cartilage_of_the_tertiary_bronchus_R', 'VH_M_right_superior_lobar_bronchus', 'VH_M_right_anterior_bronchus', 'VH_M_right_posterior_basal', 'VH_M_right_apical_bronchus']","['VH_M_hilum_L', 'VH_M_hilum_upper_L', 'VH_M_left_lingula_superior_bronchopulmonary_segment', 'VH_M_left_posterior_bronchopulmonary_segment', 'VH_M_left_apical_bronchopulmonary_segment', 'VH_M_left_lingula_inferior_bronchopulmonary_segment', 'VH_M_hilum_lower_L', 'VH_M_left_anterior_basal_bronchopulmonary_segment', 'VH_M_left_lateral_basal_bronchopulmonary_segment', 'VH_M_left_medial_basal_bronchopulmonary_segment', 'VH_M_left_posetrior_basal_bronchopulmonary_segment', 'VH_M_hilum_R', 'VH_M_right_lateral_bronchopulmonary_segment', 'VH_M_right_medial_bronchopulmonary_segment', 'VH_M_hilum_middle_R', 'VH_M_hilum_lower_R', 'VH_M_right_anterior_basal_bronchopulmonary_segment', 'VH_M_right_lateral_basal_bronchopulmonary_segment', 'VH_M_right_medial_basal_bronchopulmonary_segment', 'VH_M_right_posterior_basal_bronchopulmonary_segment', 'VH_M_right_apical_bronchopulmonary_segment', 'VH_M_hilum_upper_R', 'VH_M_left_inferior_lobar_bronchus', 'VH_M_left_posterior_basal_bronchus', 'VH_M_left_apical_bronchus', 'VH_M_left_anterior_bronchus', 'VH_M_right_lateral_basal_bronchus']"
57,3d-vh-m-lung-20.fbx,32327,"['VH_M_left_superior_bronchus', 'VH_M_left_lingula_superior_bronchus', 'VH_M_right_superior_lobar_bronchus', 'VH_M_right_anterior_bronchus', 'VH_M_right_posterior_basal']","['VH_M_hilum_L', 'VH_M_hilum_upper_L', 'VH_M_left_lingula_superior_bronchopulmonary_segment', 'VH_M_left_lingula_inferior_bronchopulmonary_segment', 'VH_M_hilum_lower_L', 'VH_M_left_anterior_basal_bronchopulmonary_segment', 'VH_M_left_lateral_basal_bronchopulmonary_segment', 'VH_M_left_medial_basal_bronchopulmonary_segment', 'VH_M_left_posetrior_basal_bronchopulmonary_segment', 'VH_M_left_superior_bronchopulmonary_segment', 'VH_M_hilum_R', 'VH_M_right_lateral_bronchopulmonary_segment', 'VH_M_hilum_middle_R', 'VH_M_hilum_lower_R', 'VH_M_right_anterior_basal_bronchopulmonary_segment', 'VH_M_right_lateral_basal_bronchopulmonary_segment', 'VH_M_right_medial_basal_bronchopulmonary_segment', 'VH_M_right_posterior_basal_bronchopulmonary_segment', 'VH_M_right_apical_bronchopulmonary_segment', 'VH_M_hilum_upper_R', 'VH_M_left_superior_bronchus', 'VH_M_right_intermediate_bronchus', 'VH_M_right_lateral_basal_bronchus']"
58,3d-vh-m-lung-40.fbx,65014,"['VH_M_left_superior_bronchus', 'VH_M_left_lingula_superior_bronchus', 'VH_M_right_superior_lobar_bronchus', 'VH_M_right_anterior_bronchus', 'VH_M_right_posterior_basal', 'VH_M_right_apical_bronchus']","['VH_M_hilum_L', 'VH_M_hilum_upper_L', 'VH_M_left_lingula_superior_bronchopulmonary_segment', 'VH_M_left_anterior_bronchopulmonary_segment', 'VH_M_left_apical_bronchopulmonary_segment', 'VH_M_left_lingula_inferior_bronchopulmonary_segment', 'VH_M_hilum_lower_L', 'VH_M_left_anterior_basal_bronchopulmonary_segment', 'VH_M_left_lateral_basal_bronchopulmonary_segment', 'VH_M_left_medial_basal_bronchopulmonary_segment', 'VH_M_left_posetrior_basal_bronchopulmonary_segment', 'VH_M_hilum_R', 'VH_M_right_lateral_bronchopulmonary_segment', 'VH_M_hilum_middle_R', 'VH_M_hilum_lower_R', 'VH_M_right_anterior_basal_bronchopulmonary_segment', 'VH_M_right_lateral_basal_bronchopulmonary_segment', 'VH_M_right_medial_basal_bronchopulmonary_segment', 'VH_M_right_posterior_basal_bronchopulmonary_segment', 'VH_M_right_apical_bronchopulmonary_segment', 'VH_M_hilum_upper_R', 'VH_M_left_apical_bronchus', 'VH_M_left_anterior_bronchus', 'VH_M_right_lateral_basal_bronchus']"
59,3d-vh-m-lung-80.fbx,131204,"['VH_M_left_superior_bronchus', 'VH_M_left_lingula_superior_bronchus', 'VH_M_right_superior_lobar_bronchus', 'VH_M_right_anterior_bronchus', 'VH_M_right_posterior_basal', 'VH_M_right_apical_bronchus']","['VH_M_hilum_L', 'VH_M_hilum_upper_L', 'VH_M_left_lingula_superior_bronchopulmonary_segment', 'VH_M_left_anterior_bronchopulmonary_segment', 'VH_M_left_lingula_inferior_bronchopulmonary_segment', 'VH_M_hilum_lower_L', 'VH_M_left_anterior_basal_bronchopulmonary_segment', 'VH_M_left_lateral_basal_bronchopulmonary_segment', 'VH_M_left_medial_basal_bronchopulmonary_segment', 'VH_M_left_posetrior_basal_bronchopulmonary_segment', 'VH_M_left_superior_bronchopulmonary_segment', 'VH_M_hilum_R', 'VH_M_right_lateral_bronchopulmonary_segment', 'VH_M_hilum_middle_R', 'VH_M_hilum_lower_R', 'VH_M_right_anterior_basal_bronchopulmonary_segment', 'VH_M_right_lateral_basal_bronchopulmonary_segment', 'VH_M_right_medial_basal_bronchopulmonary_segment', 'VH_M_right_posterior_basal_bronchopulmonary_segment', 'VH_M_right_posterior_bronchopulmonary_segment', 'VH_M_hilum_upper_R', 'VH_M_left_inferior_lobar_bronchus', 'VH_M_left_posterior_basal_bronchus', 'VH_M_left_apical_bronchus', 'VH_M_left_anterior_bronchus', 'VH_M_right_apical_bronchus']"
60,3d-vh-m-main-bronchus-100.fbx,3186,[],[]
61,3d-vh-m-main-bronchus-20.fbx,591,[],[]
62,3d-vh-m-main-bronchus-40.fbx,1221,[],[]
63,3d-vh-m-main-bronchus-80.fbx,2517,[],[]
64,3d-vh-m-palatine-tonsil-l-100.fbx,16592,['VH_M_palatine_tonsil_L'],['VH_M_palatine_tonsil_L']
65,3d-vh-m-palatine-tonsil-l-20.fbx,3328,[],['VH_M_palatine_tonsil_L']
66,3d-vh-m-palatine-tonsil-l-40.fbx,6588,[],['VH_M_palatine_tonsil_L']
67,3d-vh-m-palatine-tonsil-l-80.fbx,13237,['VH_M_palatine_tonsil_L'],['VH_M_palatine_tonsil_L']
68,3d-vh-m-palatine-tonsil-r-100.fbx,12134,[],[]
69,3d-vh-m-palatine-tonsil-r-20.fbx,2430,[],[]
70,3d-vh-m-palatine-tonsil-r-40.fbx,4862,[],[]
71,3d-vh-m-palatine-tonsil-r-80.fbx,9724,[],[]
72,3d-vh-m-trachea-100.fbx,44030,[],[]
73,3d-vh-m-trachea-20.fbx,8782,[],[]
74,3d-vh-m-trachea-40.fbx,17573,[],[]
75,3d-vh-m-trachea-80.fbx,35214,[],[]
76,allen_f_brain-100.fbx,626322,"['Allen_anterior_olfactory_nucleus_L', 'Allen_tail_of_caudate_L', 'Allen_claustrum_L', 'Allen_amygdaloid_complex_L', 'Allen_thalamus_L', 'Allen_white_matter_of_forebrain_L', 'Allen_inferior_horn_of_lateral_ventricle_L', 'Allen_cerebellar_vermis_L', 'Allen_white_matter_of_hindbrain_L', 'Allen_superior_frontal_gyrus_L', 'Allen_middle_frontal_gyrus_L', 'Allen_inferior_frontal_gyrus_triangular_part_L', 'Allen_postcentral_gyrus_L', 'Allen_supraparietal_lobule_L', 'Allen_superior_temporal_gyrus_L', 'Allen_middle_temporal_gyrus_L', 'Allen_inferior_temporal_gyrus_L', 'Allen_cuneus_L', 'Allen_lingual_gyrus_medial_occipitotemporal_gyrus_L', 'Allen_cingulate_gyrus_caudal_posterior_part_L', 'Allen_paravermis_of_cerebellum_L', 'Allen_lateral_hemisphere_of_cerebellum_L', 'Allen_frontal_pole_L', 'Allen_anterior_olfactory_nucleus_R', 'Allen_piriform_region_R', 'Allen_tail_of_caudate_R', 'Allen_thalamus_R', 'Allen_white_matter_of_forebrain_R', 'Allen_inferior_horn_of_lateral_ventricle_R', 'Allen_cerebellar_vermis_R', 'Allen_white_matter_of_hindbrain_R', 'Allen_superior_frontal_gyrus_R', 'Allen_middle_frontal_gyrus_R', 'Allen_inferior_frontal_gyrus_triangular_part_R', 'Allen_postcentral_gyrus_R', 'Allen_supraparietal_lobule_R', 'Allen_middle_temporal_gyrus_R', 'Allen_cuneus_R', 'Allen_lingual_gyrus_medial_occipitotemporal_gyrus_R', 'Allen_paravermis_of_cerebellum_R', 'Allen_lateral_hemisphere_of_cerebellum_R', 'Allen_rostral_gyrus_R', 'Allen_frontal_pole_R', 'Allen_midbrain_tegmentum_L']","['Allen_piriform_region_L', 'Allen_thalamus_L', 'Allen_white_matter_of_forebrain_L', 'Allen_white_matter_of_hindbrain_L', 'Allen_supraparietal_lobule_L', 'Allen_cuneus_L', 'Allen_lingual_gyrus_medial_occipitotemporal_gyrus_L', 'Allen_paracingulate_gyrus_L', 'Allen_tail_of_caudate_R', 'Allen_amygdaloid_complex_R', 'Allen_thalamus_R', 'Allen_white_matter_of_forebrain_R', 'Allen_white_matter_of_hindbrain_R', 'Allen_lingual_gyrus_medial_occipitotemporal_gyrus_R', 'Allen_superior_occipital_gyrus_R', 'Allen_lateral_hemisphere_of_cerebellum_R', 'Allen_paracingulate_gyrus_R', 'Allen_hypothalamus_R', 'Allen_mammillary_region_of_HTH_L']"
77,allen_f_brain-20.fbx,126087,"['Allen_tail_of_caudate_L', 'Allen_amygdaloid_complex_L', 'Allen_thalamus_L', 'Allen_white_matter_of_forebrain_L', 'Allen_cerebellar_vermis_L', 'Allen_white_matter_of_hindbrain_L', 'Allen_superior_frontal_gyrus_L', 'Allen_inferior_frontal_gyrus_triangular_part_L', 'Allen_supraparietal_lobule_L', 'Allen_middle_temporal_gyrus_L', 'Allen_inferior_temporal_gyrus_L', 'Allen_cuneus_L', 'Allen_lingual_gyrus_medial_occipitotemporal_gyrus_L', 'Allen_cingulate_gyrus_caudal_posterior_part_L', 'Allen_paravermis_of_cerebellum_L', 'Allen_lateral_hemisphere_of_cerebellum_L', 'Allen_central_canal_of_medulla_oblongata_L', 'Allen_tail_of_caudate_R', 'Allen_amygdaloid_complex_R', 'Allen_thalamus_R', 'Allen_white_matter_of_forebrain_R', 'Allen_cerebellar_vermis_R', 'Allen_white_matter_of_hindbrain_R', 'Allen_superior_frontal_gyrus_R', 'Allen_middle_frontal_gyrus_R', 'Allen_inferior_frontal_gyrus_triangular_part_R', 'Allen_supraparietal_lobule_R', 'Allen_middle_temporal_gyrus_R', 'Allen_cuneus_R', 'Allen_lingual_gyrus_medial_occipitotemporal_gyrus_R', 'Allen_paravermis_of_cerebellum_R', 'Allen_lateral_hemisphere_of_cerebellum_R', 'Allen_central_canal_of_medulla_oblongata_R', 'Allen_rostral_gyrus_R', 'Allen_frontal_pole_R']","['Allen_tail_of_caudate_L', 'Allen_claustrum_L', 'Allen_white_matter_of_forebrain_L', 'Allen_white_matter_of_hindbrain_L', 'Allen_precuneus_L', 'Allen_superior_occipital_gyrus_L', 'Allen_white_matter_of_forebrain_R', 'Allen_lateral_hemisphere_of_cerebellum_R']"
78,allen_f_brain-40.fbx,252017,"['Allen_anterior_olfactory_nucleus_L', 'Allen_tail_of_caudate_L', 'Allen_claustrum_L', 'Allen_amygdaloid_complex_L', 'Allen_thalamus_L', 'Allen_white_matter_of_forebrain_L', 'Allen_cerebellar_vermis_L', 'Allen_white_matter_of_hindbrain_L', 'Allen_superior_frontal_gyrus_L', 'Allen_inferior_frontal_gyrus_triangular_part_L', 'Allen_postcentral_gyrus_L', 'Allen_supraparietal_lobule_L', 'Allen_superior_temporal_gyrus_L', 'Allen_middle_temporal_gyrus_L', 'Allen_inferior_temporal_gyrus_L', 'Allen_cuneus_L', 'Allen_lingual_gyrus_medial_occipitotemporal_gyrus_L', 'Allen_cingulate_gyrus_caudal_posterior_part_L', 'Allen_paravermis_of_cerebellum_L', 'Allen_lateral_hemisphere_of_cerebellum_L', 'Allen_anterior_olfactory_nucleus_R', 'Allen_tail_of_caudate_R', 'Allen_thalamus_R', 'Allen_white_matter_of_forebrain_R', 'Allen_inferior_horn_of_lateral_ventricle_R', 'Allen_cerebellar_vermis_R', 'Allen_white_matter_of_hindbrain_R', 'Allen_superior_frontal_gyrus_R', 'Allen_middle_frontal_gyrus_R', 'Allen_inferior_frontal_gyrus_triangular_part_R', 'Allen_postcentral_gyrus_R', 'Allen_supraparietal_lobule_R', 'Allen_middle_temporal_gyrus_R', 'Allen_cuneus_R', 'Allen_lingual_gyrus_medial_occipitotemporal_gyrus_R', 'Allen_paravermis_of_cerebellum_R', 'Allen_lateral_hemisphere_of_cerebellum_R', 'Allen_rostral_gyrus_R', 'Allen_frontal_pole_R']","['Allen_amygdaloid_complex_L', 'Allen_thalamus_L', 'Allen_white_matter_of_forebrain_L', 'Allen_white_matter_of_hindbrain_L', 'Allen_white_matter_of_forebrain_R', 'Allen_white_matter_of_hindbrain_R', 'Allen_lingual_gyrus_medial_occipitotemporal_gyrus_R']"
79,allen_f_brain-80.fbx,503089,"['Allen_anterior_olfactory_nucleus_L', 'Allen_tail_of_caudate_L', 'Allen_claustrum_L', 'Allen_amygdaloid_complex_L', 'Allen_thalamus_L', 'Allen_white_matter_of_forebrain_L', 'Allen_inferior_horn_of_lateral_ventricle_L', 'Allen_cerebellar_vermis_L', 'Allen_white_matter_of_hindbrain_L', 'Allen_superior_frontal_gyrus_L', 'Allen_middle_frontal_gyrus_L', 'Allen_inferior_frontal_gyrus_triangular_part_L', 'Allen_postcentral_gyrus_L', 'Allen_supraparietal_lobule_L', 'Allen_superior_temporal_gyrus_L', 'Allen_middle_temporal_gyrus_L', 'Allen_inferior_temporal_gyrus_L', 'Allen_cuneus_L', 'Allen_lingual_gyrus_medial_occipitotemporal_gyrus_L', 'Allen_cingulate_gyrus_caudal_posterior_part_L', 'Allen_paravermis_of_cerebellum_L', 'Allen_lateral_hemisphere_of_cerebellum_L', 'Allen_frontal_pole_L', 'Allen_anterior_olfactory_nucleus_R', 'Allen_piriform_region_R', 'Allen_tail_of_caudate_R', 'Allen_thalamus_R', 'Allen_white_matter_of_forebrain_R', 'Allen_inferior_horn_of_lateral_ventricle_R', 'Allen_cerebellar_vermis_R', 'Allen_white_matter_of_hindbrain_R', 'Allen_superior_frontal_gyrus_R', 'Allen_middle_frontal_gyrus_R', 'Allen_inferior_frontal_gyrus_triangular_part_R', 'Allen_postcentral_gyrus_R', 'Allen_supraparietal_lobule_R', 'Allen_middle_temporal_gyrus_R', 'Allen_cuneus_R', 'Allen_lingual_gyrus_medial_occipitotemporal_gyrus_R', 'Allen_paravermis_of_cerebellum_R', 'Allen_lateral_hemisphere_of_cerebellum_R', 'Allen_rostral_gyrus_R', 'Allen_frontal_pole_R', 'Allen_midbrain_tegmentum_L']","['Allen_claustrum_L', 'Allen_amygdaloid_complex_L', 'Allen_white_matter_of_forebrain_L', 'Allen_supraparietal_lobule_L', 'Allen_precuneus_L', 'Allen_lateral_hemisphere_of_cerebellum_L', 'Allen_amygdaloid_complex_R', 'Allen_thalamus_R', 'Allen_white_matter_of_forebrain_R', 'Allen_white_matter_of_hindbrain_R', 'Allen_precuneus_R', 'Allen_lingual_gyrus_medial_occipitotemporal_gyrus_R', 'Allen_lateral_hemisphere_of_cerebellum_R']"
80,allen_m_brain-100.fbx,626236,"['Allen_anterior_olfactory_nucleus_L', 'Allen_tail_of_caudate_L', 'Allen_claustrum_L', 'Allen_amygdaloid_complex_L', 'Allen_thalamus_L', 'Allen_white_matter_of_forebrain_L', 'Allen_inferior_horn_of_lateral_ventricle_L', 'Allen_cerebellar_vermis_L', 'Allen_white_matter_of_hindbrain_L', 'Allen_superior_frontal_gyrus_L', 'Allen_middle_frontal_gyrus_L', 'Allen_inferior_frontal_gyrus_triangular_part_L', 'Allen_postcentral_gyrus_L', 'Allen_supraparietal_lobule_L', 'Allen_superior_temporal_gyrus_L', 'Allen_middle_temporal_gyrus_L', 'Allen_inferior_temporal_gyrus_L', 'Allen_cuneus_L', 'Allen_lingual_gyrus_medial_occipitotemporal_gyrus_L', 'Allen_cingulate_gyrus_caudal_posterior_part_L', 'Allen_paravermis_of_cerebellum_L', 'Allen_lateral_hemisphere_of_cerebellum_L', 'Allen_frontal_pole_L', 'Allen_anterior_olfactory_nucleus_R', 'Allen_piriform_region_R', 'Allen_tail_of_caudate_R', 'Allen_thalamus_R', 'Allen_white_matter_of_forebrain_R', 'Allen_inferior_horn_of_lateral_ventricle_R', 'Allen_cerebellar_vermis_R', 'Allen_white_matter_of_hindbrain_R', 'Allen_superior_frontal_gyrus_R', 'Allen_middle_frontal_gyrus_R', 'Allen_inferior_frontal_gyrus_triangular_part_R', 'Allen_postcentral_gyrus_R', 'Allen_supraparietal_lobule_R', 'Allen_precuneus_R', 'Allen_middle_temporal_gyrus_R', 'Allen_cuneus_R', 'Allen_lingual_gyrus_medial_occipitotemporal_gyrus_R', 'Allen_paravermis_of_cerebellum_R', 'Allen_lateral_hemisphere_of_cerebellum_R', 'Allen_rostral_gyrus_R', 'Allen_frontal_pole_R', 'Allen_midbrain_tegmentum_L']","['Allen_piriform_region_L', 'Allen_thalamus_L', 'Allen_white_matter_of_forebrain_L', 'Allen_white_matter_of_hindbrain_L', 'Allen_supraparietal_lobule_L', 'Allen_cuneus_L', 'Allen_lingual_gyrus_medial_occipitotemporal_gyrus_L', 'Allen_paracingulate_gyrus_L', 'Allen_tail_of_caudate_R', 'Allen_amygdaloid_complex_R', 'Allen_thalamus_R', 'Allen_white_matter_of_forebrain_R', 'Allen_white_matter_of_hindbrain_R', 'Allen_lingual_gyrus_medial_occipitotemporal_gyrus_R', 'Allen_superior_occipital_gyrus_R', 'Allen_lateral_hemisphere_of_cerebellum_R', 'Allen_paracingulate_gyrus_R', 'Allen_hypothalamus_R', 'Allen_mammillary_region_of_HTH_L']"
81,allen_m_brain-20.fbx,126049,"['Allen_tail_of_caudate_L', 'Allen_amygdaloid_complex_L', 'Allen_thalamus_L', 'Allen_white_matter_of_forebrain_L', 'Allen_cerebellar_vermis_L', 'Allen_white_matter_of_hindbrain_L', 'Allen_superior_frontal_gyrus_L', 'Allen_inferior_frontal_gyrus_triangular_part_L', 'Allen_supraparietal_lobule_L', 'Allen_middle_temporal_gyrus_L', 'Allen_inferior_temporal_gyrus_L', 'Allen_cuneus_L', 'Allen_lingual_gyrus_medial_occipitotemporal_gyrus_L', 'Allen_cingulate_gyrus_caudal_posterior_part_L', 'Allen_paravermis_of_cerebellum_L', 'Allen_lateral_hemisphere_of_cerebellum_L', 'Allen_central_canal_of_medulla_oblongata_L', 'Allen_tail_of_caudate_R', 'Allen_amygdaloid_complex_R', 'Allen_thalamus_R', 'Allen_white_matter_of_forebrain_R', 'Allen_cerebellar_vermis_R', 'Allen_white_matter_of_hindbrain_R', 'Allen_superior_frontal_gyrus_R', 'Allen_middle_frontal_gyrus_R', 'Allen_inferior_frontal_gyrus_triangular_part_R', 'Allen_supraparietal_lobule_R', 'Allen_middle_temporal_gyrus_R', 'Allen_cuneus_R', 'Allen_lingual_gyrus_medial_occipitotemporal_gyrus_R', 'Allen_paravermis_of_cerebellum_R', 'Allen_lateral_hemisphere_of_cerebellum_R', 'Allen_central_canal_of_medulla_oblongata_R', 'Allen_rostral_gyrus_R', 'Allen_frontal_pole_R']","['Allen_tail_of_caudate_L', 'Allen_claustrum_L', 'Allen_white_matter_of_forebrain_L', 'Allen_white_matter_of_hindbrain_L', 'Allen_precuneus_L', 'Allen_superior_occipital_gyrus_L', 'Allen_white_matter_of_forebrain_R', 'Allen_lateral_hemisphere_of_cerebellum_R']"
82,allen_m_brain-40.fbx,251901,"['Allen_anterior_olfactory_nucleus_L', 'Allen_tail_of_caudate_L', 'Allen_claustrum_L', 'Allen_amygdaloid_complex_L', 'Allen_thalamus_L', 'Allen_white_matter_of_forebrain_L', 'Allen_cerebellar_vermis_L', 'Allen_white_matter_of_hindbrain_L', 'Allen_superior_frontal_gyrus_L', 'Allen_inferior_frontal_gyrus_triangular_part_L', 'Allen_postcentral_gyrus_L', 'Allen_supraparietal_lobule_L', 'Allen_superior_temporal_gyrus_L', 'Allen_middle_temporal_gyrus_L', 'Allen_inferior_temporal_gyrus_L', 'Allen_cuneus_L', 'Allen_lingual_gyrus_medial_occipitotemporal_gyrus_L', 'Allen_cingulate_gyrus_caudal_posterior_part_L', 'Allen_paravermis_of_cerebellum_L', 'Allen_lateral_hemisphere_of_cerebellum_L', 'Allen_anterior_olfactory_nucleus_R', 'Allen_tail_of_caudate_R', 'Allen_thalamus_R', 'Allen_white_matter_of_forebrain_R', 'Allen_inferior_horn_of_lateral_ventricle_R', 'Allen_cerebellar_vermis_R', 'Allen_white_matter_of_hindbrain_R', 'Allen_superior_frontal_gyrus_R', 'Allen_middle_frontal_gyrus_R', 'Allen_inferior_frontal_gyrus_triangular_part_R', 'Allen_postcentral_gyrus_R', 'Allen_supraparietal_lobule_R', 'Allen_precuneus_R', 'Allen_middle_temporal_gyrus_R', 'Allen_cuneus_R', 'Allen_lingual_gyrus_medial_occipitotemporal_gyrus_R', 'Allen_paravermis_of_cerebellum_R', 'Allen_lateral_hemisphere_of_cerebellum_R', 'Allen_rostral_gyrus_R', 'Allen_frontal_pole_R']","['Allen_amygdaloid_complex_L', 'Allen_thalamus_L', 'Allen_white_matter_of_forebrain_L', 'Allen_white_matter_of_hindbrain_L', 'Allen_thalamus_R', 'Allen_white_matter_of_forebrain_R', 'Allen_white_matter_of_hindbrain_R', 'Allen_lingual_gyrus_medial_occipitotemporal_gyrus_R']"
83,allen_m_brain-80.fbx,502934,"['Allen_anterior_olfactory_nucleus_L', 'Allen_tail_of_caudate_L', 'Allen_claustrum_L', 'Allen_amygdaloid_complex_L', 'Allen_thalamus_L', 'Allen_white_matter_of_forebrain_L', 'Allen_inferior_horn_of_lateral_ventricle_L', 'Allen_cerebellar_vermis_L', 'Allen_white_matter_of_hindbrain_L', 'Allen_superior_frontal_gyrus_L', 'Allen_middle_frontal_gyrus_L', 'Allen_inferior_frontal_gyrus_triangular_part_L', 'Allen_postcentral_gyrus_L', 'Allen_supraparietal_lobule_L', 'Allen_superior_temporal_gyrus_L', 'Allen_middle_temporal_gyrus_L', 'Allen_inferior_temporal_gyrus_L', 'Allen_cuneus_L', 'Allen_lingual_gyrus_medial_occipitotemporal_gyrus_L', 'Allen_cingulate_gyrus_caudal_posterior_part_L', 'Allen_paravermis_of_cerebellum_L', 'Allen_lateral_hemisphere_of_cerebellum_L', 'Allen_frontal_pole_L', 'Allen_anterior_olfactory_nucleus_R', 'Allen_piriform_region_R', 'Allen_tail_of_caudate_R', 'Allen_thalamus_R', 'Allen_white_matter_of_forebrain_R', 'Allen_inferior_horn_of_lateral_ventricle_R', 'Allen_cerebellar_vermis_R', 'Allen_white_matter_of_hindbrain_R', 'Allen_superior_frontal_gyrus_R', 'Allen_middle_frontal_gyrus_R', 'Allen_inferior_frontal_gyrus_triangular_part_R', 'Allen_postcentral_gyrus_R', 'Allen_supraparietal_lobule_R', 'Allen_precuneus_R', 'Allen_middle_temporal_gyrus_R', 'Allen_cuneus_R', 'Allen_lingual_gyrus_medial_occipitotemporal_gyrus_R', 'Allen_paravermis_of_cerebellum_R', 'Allen_lateral_hemisphere_of_cerebellum_R', 'Allen_rostral_gyrus_R', 'Allen_frontal_pole_R', 'Allen_midbrain_tegmentum_L']","['Allen_claustrum_L', 'Allen_amygdaloid_complex_L', 'Allen_white_matter_of_forebrain_L', 'Allen_white_matter_of_hindbrain_L', 'Allen_supraparietal_lobule_L', 'Allen_precuneus_L', 'Allen_lateral_hemisphere_of_cerebellum_L', 'Allen_amygdaloid_complex_R', 'Allen_thalamus_R', 'Allen_white_matter_of_forebrain_R', 'Allen_white_matter_of_hindbrain_R', 'Allen_lingual_gyrus_medial_occipitotemporal_gyrus_R', 'Allen_lateral_hemisphere_of_cerebellum_R']"
84,nih_f_lymph_node-100.fbx,71784,"['Yao_afferent_lymphatic_vessel', 'Yao_efferent_lymph_node', 'Yao_medulla_of_lymph_node', 'Yao_blood_vasculature']","['Yao_medulla_of_lymph_node', 'Yao_blood_vasculature']"
85,nih_f_lymph_node-20.fbx,14011,"['Yao_afferent_lymphatic_vessel', 'Yao_efferent_lymph_node', 'Yao_medulla_of_lymph_node', 'Yao_blood_vasculature']","['Yao_afferent_lymphatic_vessel', 'Yao_medulla_of_lymph_node', 'Yao_blood_vasculature']"
86,nih_f_lymph_node-40.fbx,28517,"['Yao_afferent_lymphatic_vessel', 'Yao_efferent_lymph_node', 'Yao_medulla_of_lymph_node', 'Yao_blood_vasculature']","['Yao_medulla_of_lymph_node', 'Yao_blood_vasculature']"
87,nih_f_lymph_node-80.fbx,57599,"['Yao_afferent_lymphatic_vessel', 'Yao_efferent_lymph_node', 'Yao_medulla_of_lymph_node', 'Yao_blood_vasculature']","['Yao_afferent_lymphatic_vessel', 'Yao_medulla_of_lymph_node', 'Yao_blood_vasculature']"
88,nih_m_lymph_node-100.fbx,67036,"['Yao_efferent_lymph_node', 'Yao_medulla_of_lymph_node', 'Yao_paracortex', 'Yao_blood_vasculature']","['Yao_afferent_lymphatic_vessel', 'Yao_medulla_of_lymph_node', 'Yao_blood_vasculature']"
89,nih_m_lymph_node-20.fbx,11908,"['Yao_efferent_lymph_node', 'Yao_medulla_of_lymph_node', 'Yao_blood_vasculature']","['Yao_medulla_of_lymph_node', 'Yao_blood_vasculature']"
90,nih_m_lymph_node-40.fbx,23975,"['Yao_efferent_lymph_node', 'Yao_medulla_of_lymph_node', 'Yao_blood_vasculature']","['Yao_medulla_of_lymph_node', 'Yao_blood_vasculature']"
91,nih_m_lymph_node-80.fbx,48740,"['Yao_efferent_lymph_node', 'Yao_medulla_of_lymph_node', 'Yao_paracortex', 'Yao_blood_vasculature']","['Yao_afferent_lymphatic_vessel', 'Yao_medulla_of_lymph_node', 'Yao_blood_vasculature']"
92,sbu_f_intestine_large-100.fbx,20442,['VH_F_caecum'],"['VH_F_hepatic_flexure_of_colon', 'VH_F_transverse_colon', 'VH_F_ascending_colon', 'VH_F_vermiform_appendix', 'VH_F_descending_colon', 'VH_F_ileocecal_valve', 'VH_F_caecum', 'VH_F_rectum', 'VH_F_sigmoid_colon', 'VH_F_splenic_flexure_of_colon']"
93,sbu_f_intestine_large-20.fbx,3991,[],"['VH_F_hepatic_flexure_of_colon', 'VH_F_transverse_colon', 'VH_F_ascending_colon', 'VH_F_vermiform_appendix', 'VH_F_descending_colon', 'VH_F_caecum', 'VH_F_rectum', 'VH_F_sigmoid_colon', 'VH_F_splenic_flexure_of_colon']"
94,sbu_f_intestine_large-40.fbx,8073,['VH_F_caecum'],"['VH_F_hepatic_flexure_of_colon', 'VH_F_transverse_colon', 'VH_F_ascending_colon', 'VH_F_vermiform_appendix', 'VH_F_descending_colon', 'VH_F_ileocecal_valve', 'VH_F_caecum', 'VH_F_rectum', 'VH_F_sigmoid_colon', 'VH_F_splenic_flexure_of_colon']"
95,sbu_f_intestine_large-80.fbx,16256,['VH_F_caecum'],"['VH_F_hepatic_flexure_of_colon', 'VH_F_transverse_colon', 'VH_F_ascending_colon', 'VH_F_vermiform_appendix', 'VH_F_descending_colon', 'VH_F_ileocecal_valve', 'VH_F_caecum', 'VH_F_rectum', 'VH_F_sigmoid_colon', 'VH_F_splenic_flexure_of_colon']"
96,sbu_m_intestine_large-100.fbx,34131,"['VH_M_ascending_colon', 'VH_M_caecum']","['VH_M_ascending_colon', 'VH_M_descending_colon', 'VH_M_hepatic_flexure_of_colon', 'VH_M_rectum', 'VH_M_sigmoid_colon', 'VH_M_splenic_flexure_of_colon', 'VH_M_transverse_colon']"
97,sbu_m_intestine_large-20.fbx,6751,"['VH_M_ascending_colon', 'VH_M_transverse_colon', 'VH_M_caecum']","['VH_M_ascending_colon', 'VH_M_descending_colon', 'VH_M_hepatic_flexure_of_colon', 'VH_M_rectum', 'VH_M_sigmoid_colon', 'VH_M_splenic_flexure_of_colon', 'VH_M_transverse_colon', 'VH_M_caecum']"
98,sbu_m_intestine_large-40.fbx,13560,"['VH_M_ascending_colon', 'VH_M_caecum']","['VH_M_ascending_colon', 'VH_M_descending_colon', 'VH_M_hepatic_flexure_of_colon', 'VH_M_rectum', 'VH_M_sigmoid_colon', 'VH_M_splenic_flexure_of_colon', 'VH_M_transverse_colon', 'VH_M_caecum', 'VH_M_vermiform_appendix']"
99,sbu_m_intestine_large-80.fbx,27245,"['VH_M_ascending_colon', 'VH_M_caecum']","['VH_M_ascending_colon', 'VH_M_descending_colon', 'VH_M_hepatic_flexure_of_colon', 'VH_M_rectum', 'VH_M_sigmoid_colon', 'VH_M_splenic_flexure_of_colon', 'VH_M_transverse_colon']"
100,vh_f_blood_vasculature-100.fbx,277639,"['VH_F_central_retinal_vein_L', 'VH_F_ophthalmic_vein_L', 'VH_F_superior_ophthalmic_vein_R', 'VH_F_opthalmic_artery_R', 'VH_F_opthalmic_artery_L', 'VH_F_left_common_iliac_vein', 'VH_F_right_colic_vein', 'VH_F_inferior_mesenteric_vein', 'VH_F_ileocolic_artery', 'VH_F_inferior_mesenteric_artery', 'VH_F_splenic_vein', 'VH_F_middle_hepatic_artery_branch_of_left_hepatic_artery']","['VH_F_inferior_ophthalmic_vein_L', 'VH_F_superior_ophthalmic_vein_L', 'VH_F_superior_ophthalmic_vein_R', 'VH_F_inferior_ophthalmic_vein_R', 'VH_F_left_renal_artery', 'VH_F_left_renal_vein', 'VH_F_right_renal_vein', 'VH_F_middle_colic_vein', 'VH_F_inferior_mesenteric_vein', 'VH_F_pulmonary_vein_L_sup', 'VH_F_pulmonary_vein_R_inf', 'VH_F_pulmonary_vein_R_sup', 'VH_F_pulmonary_vein_L_inf', 'VH_F_anterior_cardiac_vein', 'VH_F_superior_vena_cava', 'VH_F_inferior_vena_cava_a', 'VH_F_inferior_vena_cava_b', 'VH_F_right_marginal_artery', 'VH_F_pulmonary_artery_L', 'VH_F_pulmonary_trunk', 'VH_F_pulmonary_artery_R', 'VH_F_aortic_arch', 'VH_F_ascending_aorta', 'VH_F_descending_aorta_a', 'VH_F_left_common_carotid_artery_a', 'VH_F_left_common_carotid_artery_b', 'VH_F_left_subclavian_artery_a', 'VH_F_left_subclavian_artery_b', 'VH_F_brachiocephalic_artery_b', 'VH_F_brachiocephalic_artery_a']"
101,vh_f_blood_vasculature-20.fbx,53230,"['VH_F_central_retinal_vein_L', 'VH_F_superior_ophthalmic_vein_R', 'VH_F_central_retinal_vein_R', 'VH_F_inferior_mesenteric_vein', 'VH_F_ileocolic_artery', 'VH_F_splenic_vein', 'VH_F_middle_hepatic_artery_branch_of_left_hepatic_artery']","['VH_F_ophthalmic_vein_L', 'VH_F_left_renal_artery', 'VH_F_left_renal_vein', 'VH_F_right_renal_vein', 'VH_F_inferior_pancreaticoduodenal_vein', 'VH_F_middle_colic_artery', 'VH_F_pulmonary_vein_L_sup', 'VH_F_pulmonary_vein_R_inf', 'VH_F_pulmonary_vein_R_sup', 'VH_F_pulmonary_vein_L_inf', 'VH_F_anterior_cardiac_vein', 'VH_F_superior_vena_cava', 'VH_F_inferior_vena_cava_a', 'VH_F_inferior_vena_cava_b', 'VH_F_pulmonary_artery_L', 'VH_F_pulmonary_trunk', 'VH_F_pulmonary_artery_R', 'VH_F_aortic_arch', 'VH_F_ascending_aorta', 'VH_F_descending_aorta_a', 'VH_F_left_common_carotid_artery_a', 'VH_F_left_common_carotid_artery_b', 'VH_F_left_subclavian_artery_a', 'VH_F_left_subclavian_artery_b', 'VH_F_brachiocephalic_artery_b', 'VH_F_brachiocephalic_artery_a']"
102,vh_f_blood_vasculature-40.fbx,107771,"['VH_F_central_retinal_vein_L', 'VH_F_superior_ophthalmic_vein_R', 'VH_F_central_retinal_vein_R', 'VH_F_opthalmic_artery_R', 'VH_F_inferior_mesenteric_vein', 'VH_F_ileocolic_artery', 'VH_F_inferior_mesenteric_artery', 'VH_F_splenic_vein', 'VH_F_middle_hepatic_artery_branch_of_left_hepatic_artery']","['VH_F_ophthalmic_vein_L', 'VH_F_superior_ophthalmic_vein_R', 'VH_F_opthalmic_artery_R', 'VH_F_left_renal_artery', 'VH_F_left_renal_vein', 'VH_F_right_renal_vein', 'VH_F_middle_colic_vein', 'VH_F_middle_colic_artery', 'VH_F_pulmonary_vein_L_sup', 'VH_F_pulmonary_vein_R_inf', 'VH_F_pulmonary_vein_R_sup', 'VH_F_pulmonary_vein_L_inf', 'VH_F_anterior_cardiac_vein', 'VH_F_superior_vena_cava', 'VH_F_inferior_vena_cava_a', 'VH_F_inferior_vena_cava_b', 'VH_F_left_anterior_descending_artery', 'VH_F_left_posterior_descending_branch_of_circumflex_branch_of_l', 'VH_F_pulmonary_artery_L', 'VH_F_pulmonary_trunk', 'VH_F_pulmonary_artery_R', 'VH_F_aortic_arch', 'VH_F_ascending_aorta', 'VH_F_left_common_carotid_artery_a', 'VH_F_left_common_carotid_artery_b', 'VH_F_left_subclavian_artery_a', 'VH_F_left_subclavian_artery_b', 'VH_F_brachiocephalic_artery_b', 'VH_F_brachiocephalic_artery_a']"
103,vh_f_blood_vasculature-80.fbx,219479,"['VH_F_central_retinal_vein_L', 'VH_F_superior_ophthalmic_vein_R', 'VH_F_opthalmic_artery_R', 'VH_F_opthalmic_artery_L', 'VH_F_left_common_iliac_vein', 'VH_F_right_colic_vein', 'VH_F_inferior_mesenteric_vein', 'VH_F_ileocolic_artery', 'VH_F_inferior_mesenteric_artery', 'VH_F_splenic_vein', 'VH_F_middle_hepatic_artery_branch_of_left_hepatic_artery']","['VH_F_inferior_ophthalmic_vein_L', 'VH_F_superior_ophthalmic_vein_L', 'VH_F_ophthalmic_vein_L', 'VH_F_superior_ophthalmic_vein_R', 'VH_F_inferior_ophthalmic_vein_R', 'VH_F_opthalmic_artery_R', 'VH_F_left_renal_artery', 'VH_F_left_renal_vein', 'VH_F_right_renal_vein', 'VH_F_middle_colic_vein', 'VH_F_internal_pudendal_vein_L', 'VH_F_inferior_pancreaticoduodenal_vein', 'VH_F_inferior_mesenteric_vein', 'VH_F_middle_colic_artery', 'VH_F_left_hepatic_vein', 'VH_F_pulmonary_vein_L_sup', 'VH_F_pulmonary_vein_R_inf', 'VH_F_pulmonary_vein_R_sup', 'VH_F_pulmonary_vein_L_inf', 'VH_F_anterior_cardiac_vein', 'VH_F_superior_vena_cava', 'VH_F_inferior_vena_cava_a', 'VH_F_inferior_vena_cava_b', 'VH_F_left_anterior_descending_artery', 'VH_F_right_marginal_artery', 'VH_F_pulmonary_artery_L', 'VH_F_pulmonary_trunk', 'VH_F_pulmonary_artery_R', 'VH_F_aortic_arch', 'VH_F_ascending_aorta', 'VH_F_descending_aorta_a', 'VH_F_left_common_carotid_artery_a', 'VH_F_left_common_carotid_artery_b', 'VH_F_left_subclavian_artery_a', 'VH_F_left_subclavian_artery_b', 'VH_F_brachiocephalic_artery_b', 'VH_F_brachiocephalic_artery_a']"
104,vh_f_fallopian_tube_l-100.fbx,17208,[],"['VH_F_ampulla_of_uterine_tube_L', 'VH_F_uterine_tube_infundibulum_L']"
105,vh_f_fallopian_tube_l-20.fbx,3340,['VH_F_fibria_of_uterine_tube_L'],"['VH_F_ampulla_of_uterine_tube_L', 'VH_F_uterine_tube_infundibulum_L']"
106,vh_f_fallopian_tube_l-40.fbx,6780,[],"['VH_F_ampulla_of_uterine_tube_L', 'VH_F_uterine_tube_infundibulum_L']"
107,vh_f_fallopian_tube_l-80.fbx,13746,[],"['VH_F_ampulla_of_uterine_tube_L', 'VH_F_fibria_of_uterine_tube_L', 'VH_F_uterine_tube_infundibulum_L']"
108,vh_f_fallopian_tube_r-100.fbx,16248,[],"['VH_F_ampulla_of_uterine_tube_R', 'VH_F_isthmus_of_fallopian_tube_R', 'VH_F_fibria_of_uterine_tube_R', 'VH_F_uterine_tube_infundibulum_R']"
109,vh_f_fallopian_tube_r-20.fbx,3160,[],"['VH_F_ampulla_of_uterine_tube_R', 'VH_F_isthmus_of_fallopian_tube_R', 'VH_F_fibria_of_uterine_tube_R', 'VH_F_uterine_tube_infundibulum_R']"
110,vh_f_fallopian_tube_r-40.fbx,6408,[],"['VH_F_ampulla_of_uterine_tube_R', 'VH_F_isthmus_of_fallopian_tube_R', 'VH_F_fibria_of_uterine_tube_R', 'VH_F_uterine_tube_infundibulum_R']"
111,vh_f_fallopian_tube_r-80.fbx,12921,[],"['VH_F_ampulla_of_uterine_tube_R', 'VH_F_isthmus_of_fallopian_tube_R', 'VH_F_fibria_of_uterine_tube_R', 'VH_F_uterine_tube_infundibulum_R']"
112,vh_f_heart-100.fbx,85711,['VH_F_papillary_muscle_of_heart_ant'],"['VH_F_left_cardiac_atrium', 'VH_F_aortic_valve', 'VH_F_pulmonary_valve', 'VH_F_mitral_valve', 'VH_F_tricuspid_valve']"
113,vh_f_heart-20.fbx,17052,['VH_F_papillary_muscle_of_heart_ant'],"['VH_F_left_cardiac_atrium', 'VH_F_right_ventricle', 'VH_F_aortic_valve', 'VH_F_pulmonary_valve', 'VH_F_mitral_valve', 'VH_F_tricuspid_valve']"
114,vh_f_heart-40.fbx,34214,['VH_F_papillary_muscle_of_heart_ant'],"['VH_F_left_cardiac_atrium', 'VH_F_aortic_valve', 'VH_F_pulmonary_valve', 'VH_F_mitral_valve', 'VH_F_tricuspid_valve']"
115,vh_f_heart-80.fbx,68598,['VH_F_papillary_muscle_of_heart_ant'],"['VH_F_left_cardiac_atrium', 'VH_F_aortic_valve', 'VH_F_pulmonary_valve', 'VH_F_mitral_valve', 'VH_F_tricuspid_valve']"
116,vh_f_kidney_l-100.fbx,72282,[],"['VH_F_kidney_capsule_L', 'VH_F_hilum_of_kidney_L', 'VH_F_renal_column_L']"
117,vh_f_kidney_l-20.fbx,14335,[],"['VH_F_kidney_capsule_L', 'VH_F_hilum_of_kidney_L', 'VH_F_renal_column_L']"
118,vh_f_kidney_l-40.fbx,28789,[],"['VH_F_kidney_capsule_L', 'VH_F_hilum_of_kidney_L', 'VH_F_renal_column_L']"
119,vh_f_kidney_l-80.fbx,57744,[],"['VH_F_kidney_capsule_L', 'VH_F_hilum_of_kidney_L', 'VH_F_renal_column_L']"
120,vh_f_kidney_r-100.fbx,74274,['VH_F_renal_column_R'],"['VH_F_hilum_of_kidney_R', 'VH_F_outer_cortex_of_kidney_R', 'VH_F_renal_column_R']"
121,vh_f_kidney_r-20.fbx,14750,['VH_F_renal_column_R'],"['VH_F_hilum_of_kidney_R', 'VH_F_outer_cortex_of_kidney_R', 'VH_F_renal_column_R']"
122,vh_f_kidney_r-40.fbx,29592,['VH_F_renal_column_R'],"['VH_F_hilum_of_kidney_R', 'VH_F_outer_cortex_of_kidney_R', 'VH_F_renal_column_R']"
123,vh_f_kidney_r-80.fbx,59343,['VH_F_renal_column_R'],"['VH_F_hilum_of_kidney_R', 'VH_F_outer_cortex_of_kidney_R', 'VH_F_renal_column_R']"
124,vh_f_knee_l-100.fbx,17862,"['VH_F_posterior_cruciate_enthesis_L', 'VH_F_trochlear_groove_L', 'VH_F_articular_cartilage_of_knee_L']","['VH_F_anterior_cruciate_enthesis_L', 'VH_F_intercondylar_fossa_L', 'VH_F_lateral_epicondylar_enthesis_L', 'VH_F_medial_epicondylar_enthesis_L', 'VH_F_lateral_condyle_of_femur_inf_L', 'VH_F_lateral_condyle_of_femur_frontal_L', 'VH_F_distal_most_point_of_medial_condyle_L', 'VH_F_medial_condyle_of_left_femur_sup', 'VH_F_articular_cartilage_of_knee_L', 'VH_F_femur_L']"
125,vh_f_knee_l-20.fbx,3467,['VH_F_trochlear_groove_L'],"['VH_F_anterior_cruciate_enthesis_L', 'VH_F_posterior_cruciate_enthesis_L', 'VH_F_lateral_epicondylar_enthesis_L', 'VH_F_articular_cartilage_of_knee_L', 'VH_F_femur_L']"
126,vh_f_knee_l-40.fbx,7041,['VH_F_trochlear_groove_L'],"['VH_F_anterior_cruciate_enthesis_L', 'VH_F_posterior_cruciate_enthesis_L', 'VH_F_intercondylar_fossa_L', 'VH_F_medial_epicondylar_enthesis_L', 'VH_F_medial_condyle_of_left_femur_sup', 'VH_F_articular_cartilage_of_knee_L', 'VH_F_femur_L']"
127,vh_f_knee_l-80.fbx,14225,"['VH_F_posterior_cruciate_enthesis_L', 'VH_F_trochlear_groove_L']","['VH_F_anterior_cruciate_enthesis_L', 'VH_F_intercondylar_fossa_L', 'VH_F_lateral_condyle_of_femur_frontal_L', 'VH_F_articular_cartilage_of_knee_L', 'VH_F_femur_L']"
128,vh_f_knee_r-100.fbx,17862,"['VH_F_trochlear_groove_R', 'VH_F_lateral_condyle_of_femur_sup_R', 'VH_F_posterior_cruciate_enthesis_R']","['VH_F_medial_condyle_of_right_femur_sup', 'VH_F_lateral_condyle_of_femur_inf_R', 'VH_F_lateral_condyle_of_femur_frontal_R', 'VH_F_distal_most_point_of_medial_condyle_R', 'VH_F_articular_cartilage_of_knee_R', 'VH_F_anterior_cruciate_enthesis_R', 'VH_F_intercondylar_fossa_R', 'VH_F_lateral_epicondylar_enthesis_R', 'VH_F_medial_epicondylar_enthesis_R', 'VH_F_femur_R']"
129,vh_f_knee_r-20.fbx,3461,"['VH_F_trochlear_groove_R', 'VH_F_lateral_condyle_of_femur_sup_R']","['VH_F_articular_cartilage_of_knee_R', 'VH_F_posterior_cruciate_enthesis_R', 'VH_F_anterior_cruciate_enthesis_R', 'VH_F_intercondylar_fossa_R', 'VH_F_femur_R']"
130,vh_f_knee_r-40.fbx,7044,"['VH_F_trochlear_groove_R', 'VH_F_lateral_condyle_of_femur_sup_R']","['VH_F_distal_most_point_of_medial_condyle_R', 'VH_F_articular_cartilage_of_knee_R', 'VH_F_posterior_cruciate_enthesis_R', 'VH_F_anterior_cruciate_enthesis_R', 'VH_F_intercondylar_fossa_R', 'VH_F_medial_epicondylar_enthesis_R', 'VH_F_femur_R']"
131,vh_f_knee_r-80.fbx,14225,"['VH_F_trochlear_groove_R', 'VH_F_lateral_condyle_of_femur_sup_R', 'VH_F_posterior_cruciate_enthesis_R']","['VH_F_lateral_condyle_of_femur_frontal_R', 'VH_F_anterior_cruciate_enthesis_R', 'VH_F_intercondylar_fossa_R', 'VH_F_lateral_epicondylar_enthesis_R', 'VH_F_medial_epicondylar_enthesis_R', 'VH_F_femur_R']"
132,vh_f_liver-100.fbx,93301,['VH_F_coronary_ligament_of_liver'],"['VH_F_gastric_impression_of_liver', 'VH_F_suprarenal_impression_of_liver', 'VH_F_renal_impression_of_liver', 'VH_F_duodenal_impression_of_liver', 'VH_F_esophageal_impression_of_liver', 'VH_F_porta_hepatis', 'VH_F_colic_impression_of_liver', 'VH_F_bare_area_of_liver', 'VH_F_diaphragmatic_surface_of_liver', 'VH_F_left_anterolateral_segment', 'VH_F_left_superomedial_segment', 'VH_F_left_superomedial_segment1', 'VH_F_quadrate_lobe', 'VH_F_left_inferomedial_segment', 'VH_F_right_anterosuperior_segment', 'VH_F_right_posteroinferior_segment', 'VH_F_right_posterosuperior_segment', 'VH_F_right_anteroinferior_segment', 'VH_F_caudate_lobe', 'VH_F_triangular_ligament_of_liver']"
133,vh_f_liver-20.fbx,17826,['VH_F_coronary_ligament_of_liver'],"['VH_F_gastric_impression_of_liver', 'VH_F_suprarenal_impression_of_liver', 'VH_F_renal_impression_of_liver', 'VH_F_esophageal_impression_of_liver', 'VH_F_porta_hepatis', 'VH_F_colic_impression_of_liver', 'VH_F_bare_area_of_liver', 'VH_F_diaphragmatic_surface_of_liver', 'VH_F_left_anterolateral_segment', 'VH_F_left_superomedial_segment', 'VH_F_left_superomedial_segment1', 'VH_F_quadrate_lobe', 'VH_F_left_inferomedial_segment', 'VH_F_right_anterosuperior_segment', 'VH_F_right_posterosuperior_segment', 'VH_F_right_anteroinferior_segment', 'VH_F_caudate_lobe']"
134,vh_f_liver-40.fbx,36456,['VH_F_coronary_ligament_of_liver'],"['VH_F_gastric_impression_of_liver', 'VH_F_suprarenal_impression_of_liver', 'VH_F_renal_impression_of_liver', 'VH_F_duodenal_impression_of_liver', 'VH_F_esophageal_impression_of_liver', 'VH_F_colic_impression_of_liver', 'VH_F_bare_area_of_liver', 'VH_F_diaphragmatic_surface_of_liver', 'VH_F_left_anterolateral_segment', 'VH_F_left_superomedial_segment', 'VH_F_left_superomedial_segment1', 'VH_F_quadrate_lobe', 'VH_F_left_inferomedial_segment', 'VH_F_right_anterosuperior_segment', 'VH_F_right_posteroinferior_segment', 'VH_F_right_anteroinferior_segment', 'VH_F_caudate_lobe', 'VH_F_triangular_ligament_of_liver']"
135,vh_f_liver-80.fbx,74239,['VH_F_coronary_ligament_of_liver'],"['VH_F_gastric_impression_of_liver', 'VH_F_suprarenal_impression_of_liver', 'VH_F_renal_impression_of_liver', 'VH_F_duodenal_impression_of_liver', 'VH_F_esophageal_impression_of_liver', 'VH_F_porta_hepatis', 'VH_F_colic_impression_of_liver', 'VH_F_bare_area_of_liver', 'VH_F_diaphragmatic_surface_of_liver', 'VH_F_left_anterolateral_segment', 'VH_F_left_superomedial_segment', 'VH_F_left_superomedial_segment1', 'VH_F_quadrate_lobe', 'VH_F_left_inferomedial_segment', 'VH_F_right_anterosuperior_segment', 'VH_F_right_posteroinferior_segment', 'VH_F_right_anteroinferior_segment', 'VH_F_caudate_lobe', 'VH_F_triangular_ligament_of_liver']"
136,vh_f_ovary_l-100.fbx,424,[],[]
137,vh_f_ovary_l-20.fbx,84,[],[]
138,vh_f_ovary_l-40.fbx,168,[],[]
139,vh_f_ovary_l-80.fbx,338,[],[]
140,vh_f_ovary_r-100.fbx,410,[],[]
141,vh_f_ovary_r-20.fbx,82,[],[]
142,vh_f_ovary_r-40.fbx,164,[],[]
143,vh_f_ovary_r-80.fbx,328,[],[]
144,vh_f_pancreas-100.fbx,11483,[],"['VH_F_body_of_pancreas', 'VH_F_uncinate_process', 'VH_F_head_of_pancreas', 'VH_F_neck_of_pancreas']"
145,vh_f_pancreas-20.fbx,2233,[],[]
146,vh_f_pancreas-40.fbx,4529,[],"['VH_F_uncinate_process', 'VH_F_neck_of_pancreas']"
147,vh_f_pancreas-80.fbx,9139,[],"['VH_F_body_of_pancreas', 'VH_F_uncinate_process', 'VH_F_head_of_pancreas', 'VH_F_neck_of_pancreas']"
148,vh_f_pelvis-100.fbx,87457,[],"['VH_F_pubis_spongy_bone_L', 'VH_F_ilium_spongy_bone_R', 'VH_F_ischium_spongy_bone_L']"
149,vh_f_pelvis-20.fbx,17423,[],[]
150,vh_f_pelvis-40.fbx,34929,[],['VH_F_ischium_spongy_bone_L']
151,vh_f_pelvis-80.fbx,69934,[],"['VH_F_pubis_spongy_bone_L', 'VH_F_ilium_spongy_bone_R', 'VH_F_ischium_spongy_bone_L']"
152,vh_f_placenta-100.fbx,185066,[],"['VH_F_basal_plate', 'VH_F_chorionic_plate', 'VH_F_placenta_vessels', 'VH_F_umbilical_cord']"
153,vh_f_placenta-20.fbx,37023,[],['VH_F_placenta_vessels']
154,vh_f_placenta-40.fbx,74108,[],"['VH_F_basal_plate', 'VH_F_placenta_vessels']"
155,vh_f_placenta-80.fbx,148287,[],"['VH_F_basal_plate', 'VH_F_chorionic_plate', 'VH_F_placenta_vessels']"
156,vh_f_small_intestine-100.fbx,43305,[],"['VH_F_duodenal_ampulla', 'VH_F_duodenum_descending', 'VH_F_duodenum_ascending', 'VH_F_duodenum_horizontal', 'VH_F_jejenum', 'VH_F_ileum_terminal', 'VH_F_ileum']"
157,vh_f_small_intestine-20.fbx,8561,[],"['VH_F_duodenal_ampulla', 'VH_F_duodenum_descending', 'VH_F_duodenum_ascending', 'VH_F_duodenum_horizontal', 'VH_F_jejenum', 'VH_F_ileum_terminal', 'VH_F_ileum']"
158,vh_f_small_intestine-40.fbx,17198,[],"['VH_F_duodenal_ampulla', 'VH_F_duodenum_superior', 'VH_F_duodenum_descending', 'VH_F_duodenum_ascending', 'VH_F_duodenum_horizontal', 'VH_F_jejenum', 'VH_F_ileum_terminal', 'VH_F_ileum']"
159,vh_f_small_intestine-80.fbx,34561,[],"['VH_F_duodenal_ampulla', 'VH_F_duodenum_descending', 'VH_F_duodenum_ascending', 'VH_F_duodenum_horizontal', 'VH_F_jejenum', 'VH_F_ileum_terminal', 'VH_F_ileum']"
160,vh_f_spinal_cord-100.fbx,272196,"['VH_F_C1_segment_of_cervical_spinal_cord', 'VH_F_fourth_sacral_spinal_cord_segment']","['VH_F_second_sacral_spinal_cord_segment', 'VH_F_fourth_sacral_spinal_cord_segment']"
161,vh_f_spinal_cord-20.fbx,50573,[],"['VH_F_second_sacral_spinal_cord_segment', 'VH_F_third_sacral_spinal_cord_segment']"
162,vh_f_spinal_cord-40.fbx,105574,[],"['VH_F_second_sacral_spinal_cord_segment', 'VH_F_third_sacral_spinal_cord_segment', 'VH_F_fourth_sacral_spinal_cord_segment']"
163,vh_f_spinal_cord-80.fbx,216357,"['VH_F_C1_segment_of_cervical_spinal_cord', 'VH_F_third_sacral_spinal_cord_segment', 'VH_F_fourth_sacral_spinal_cord_segment']","['VH_F_second_sacral_spinal_cord_segment', 'VH_F_fourth_sacral_spinal_cord_segment']"
164,vh_f_spleen-100.fbx,8549,[],"['VH_F_gastric_surface_of_spleen', 'VH_F_colic_surface_of_spleen', 'VH_F_hilum_of_spleen', 'VH_F_renal_surface_of_spleen']"
165,vh_f_spleen-20.fbx,1620,[],"['VH_F_gastric_surface_of_spleen', 'VH_F_hilum_of_spleen', 'VH_F_renal_surface_of_spleen']"
166,vh_f_spleen-40.fbx,3312,[],"['VH_F_gastric_surface_of_spleen', 'VH_F_hilum_of_spleen', 'VH_F_renal_surface_of_spleen']"
167,vh_f_spleen-80.fbx,6766,[],"['VH_F_gastric_surface_of_spleen', 'VH_F_colic_surface_of_spleen', 'VH_F_hilum_of_spleen', 'VH_F_renal_surface_of_spleen']"
168,vh_f_thymus-100.fbx,3863,[],['VH_F_thymus_lobe_L']
169,vh_f_thymus-20.fbx,772,[],[]
170,vh_f_thymus-40.fbx,1544,[],[]
171,vh_f_thymus-80.fbx,3090,[],['VH_F_thymus_lobe_L']
172,vh_f_ureter_l-100.fbx,36852,"['VH_F_minor_calyx_L_d', 'VH_F_major_calyx_L_b', 'VH_F_major_calyx_L_d']","['VH_F_minor_calyx_L_a', 'VH_F_minor_calyx_L_b', 'VH_F_minor_calyx_L_c', 'VH_F_minor_calyx_L_d', 'VH_F_minor_calyx_L_e', 'VH_F_minor_calyx_L_f', 'VH_F_minor_calyx_L_g', 'VH_F_minor_calyx_L_h', 'VH_F_minor_calyx_L_i', 'VH_F_minor_calyx_L_j', 'VH_F_major_calyx_L_a', 'VH_F_major_calyx_L_b', 'VH_F_major_calyx_L_c', 'VH_F_major_calyx_L_d', 'VH_F_renal_papilla_L_f', 'VH_F_renal_pelvis_L']"
173,vh_f_ureter_l-20.fbx,7101,"['VH_F_minor_calyx_L_j', 'VH_F_major_calyx_L_d']","['VH_F_minor_calyx_L_a', 'VH_F_minor_calyx_L_b', 'VH_F_minor_calyx_L_c', 'VH_F_minor_calyx_L_d', 'VH_F_minor_calyx_L_e', 'VH_F_minor_calyx_L_f', 'VH_F_minor_calyx_L_g', 'VH_F_minor_calyx_L_h', 'VH_F_minor_calyx_L_i', 'VH_F_minor_calyx_L_j', 'VH_F_major_calyx_L_a', 'VH_F_major_calyx_L_b', 'VH_F_major_calyx_L_c', 'VH_F_major_calyx_L_d', 'VH_F_renal_pelvis_L']"
174,vh_f_ureter_l-40.fbx,14430,"['VH_F_minor_calyx_L_d', 'VH_F_minor_calyx_L_j', 'VH_F_major_calyx_L_d']","['VH_F_minor_calyx_L_a', 'VH_F_minor_calyx_L_b', 'VH_F_minor_calyx_L_c', 'VH_F_minor_calyx_L_d', 'VH_F_minor_calyx_L_e', 'VH_F_minor_calyx_L_f', 'VH_F_minor_calyx_L_g', 'VH_F_minor_calyx_L_h', 'VH_F_minor_calyx_L_i', 'VH_F_minor_calyx_L_j', 'VH_F_major_calyx_L_a', 'VH_F_major_calyx_L_b', 'VH_F_major_calyx_L_c', 'VH_F_major_calyx_L_d', 'VH_F_renal_pelvis_L']"
175,vh_f_ureter_l-80.fbx,29249,"['VH_F_minor_calyx_L_d', 'VH_F_minor_calyx_L_j', 'VH_F_major_calyx_L_b', 'VH_F_major_calyx_L_d']","['VH_F_minor_calyx_L_a', 'VH_F_minor_calyx_L_b', 'VH_F_minor_calyx_L_c', 'VH_F_minor_calyx_L_d', 'VH_F_minor_calyx_L_e', 'VH_F_minor_calyx_L_f', 'VH_F_minor_calyx_L_g', 'VH_F_minor_calyx_L_h', 'VH_F_minor_calyx_L_i', 'VH_F_minor_calyx_L_j', 'VH_F_major_calyx_L_a', 'VH_F_major_calyx_L_b', 'VH_F_major_calyx_L_c', 'VH_F_major_calyx_L_d', 'VH_F_renal_pelvis_L']"
176,vh_f_ureter_r-100.fbx,33198,"['VH_F_minor_calyx_R_a', 'VH_F_minor_calyx_R_f']","['VH_F_minor_calyx_R_a', 'VH_F_minor_calyx_R_b', 'VH_F_minor_calyx_R_c', 'VH_F_minor_calyx_R_d', 'VH_F_minor_calyx_R_e', 'VH_F_minor_calyx_R_f', 'VH_F_minor_calyx_R_g', 'VH_F_minor_calyx_R_h', 'VH_F_minor_calyx_R_i', 'VH_F_minor_calyx_R_j', 'VH_F_major_calyx_R_a', 'VH_F_major_calyx_R_b', 'VH_F_major_calyx_R_c', 'VH_F_renal_pelvis_R']"
177,vh_f_ureter_r-20.fbx,6456,[],"['VH_F_minor_calyx_R_a', 'VH_F_minor_calyx_R_b', 'VH_F_minor_calyx_R_c', 'VH_F_minor_calyx_R_d', 'VH_F_minor_calyx_R_e', 'VH_F_minor_calyx_R_f', 'VH_F_minor_calyx_R_g', 'VH_F_minor_calyx_R_h', 'VH_F_minor_calyx_R_i', 'VH_F_minor_calyx_R_j', 'VH_F_major_calyx_R_a', 'VH_F_major_calyx_R_b', 'VH_F_major_calyx_R_c', 'VH_F_renal_pelvis_R']"
178,vh_f_ureter_r-40.fbx,13079,[],"['VH_F_minor_calyx_R_a', 'VH_F_minor_calyx_R_b', 'VH_F_minor_calyx_R_c', 'VH_F_minor_calyx_R_d', 'VH_F_minor_calyx_R_e', 'VH_F_minor_calyx_R_f', 'VH_F_minor_calyx_R_g', 'VH_F_minor_calyx_R_h', 'VH_F_minor_calyx_R_i', 'VH_F_minor_calyx_R_j', 'VH_F_major_calyx_R_a', 'VH_F_major_calyx_R_b', 'VH_F_major_calyx_R_c', 'VH_F_renal_pelvis_R']"
179,vh_f_ureter_r-80.fbx,26372,"['VH_F_minor_calyx_R_a', 'VH_F_minor_calyx_R_f']","['VH_F_minor_calyx_R_a', 'VH_F_minor_calyx_R_b', 'VH_F_minor_calyx_R_c', 'VH_F_minor_calyx_R_d', 'VH_F_minor_calyx_R_e', 'VH_F_minor_calyx_R_f', 'VH_F_minor_calyx_R_g', 'VH_F_minor_calyx_R_h', 'VH_F_minor_calyx_R_i', 'VH_F_minor_calyx_R_j', 'VH_F_major_calyx_R_a', 'VH_F_major_calyx_R_b', 'VH_F_major_calyx_R_c', 'VH_F_renal_pelvis_R']"
180,vh_f_urinary_bladder-100.fbx,41291,['VH_F_fundus_of_urinary_bladder_dome'],"['VH_F_fundus_of_urinary_bladder_dome', 'VH_F_urinary_bladder_neck_smooth_muscle', 'VH_F_trigone_of_urinary_bladder', 'VH_F_fundus_of_urinary_bladder_base']"
181,vh_f_urinary_bladder-20.fbx,7964,['VH_F_fundus_of_urinary_bladder_dome'],"['VH_F_fundus_of_urinary_bladder_dome', 'VH_F_urinary_bladder_neck_smooth_muscle', 'VH_F_trigone_of_urinary_bladder', 'VH_F_fundus_of_urinary_bladder_base']"
182,vh_f_urinary_bladder-40.fbx,16196,['VH_F_fundus_of_urinary_bladder_dome'],"['VH_F_fundus_of_urinary_bladder_dome', 'VH_F_urinary_bladder_neck_smooth_muscle', 'VH_F_trigone_of_urinary_bladder', 'VH_F_fundus_of_urinary_bladder_base']"
183,vh_f_urinary_bladder-80.fbx,32849,['VH_F_fundus_of_urinary_bladder_dome'],"['VH_F_fundus_of_urinary_bladder_dome', 'VH_F_urinary_bladder_neck_smooth_muscle', 'VH_F_trigone_of_urinary_bladder', 'VH_F_fundus_of_urinary_bladder_base']"
184,vh_f_uterus-100.fbx,37158,[],"['VH_F_body_of_uterus', 'VH_F_fundus_of_uterus', 'VH_F_lower_uterine_segment', 'VH_F_posterior_wall_of_uterus']"
185,vh_f_uterus-20.fbx,7208,[],"['VH_F_body_of_uterus', 'VH_F_fundus_of_uterus', 'VH_F_lower_uterine_segment', 'VH_F_anterior_wall_of_uterus']"
186,vh_f_uterus-40.fbx,14600,[],"['VH_F_body_of_uterus', 'VH_F_fundus_of_uterus', 'VH_F_lower_uterine_segment', 'VH_F_posterior_wall_of_uterus']"
187,vh_f_uterus-80.fbx,29556,[],"['VH_F_body_of_uterus', 'VH_F_fundus_of_uterus', 'VH_F_lower_uterine_segment']"
188,vh_m_blood_vasculature-100.fbx,289321,"['VH_M_inferior_ophthalmic_vein_L', 'VH_M_ophthalmic_vein_L', 'VH_M_superior_ophthalmic_vein_R', 'VH_M_opthalmic_artery_R', 'VH_M_opthalmic_artery_L', 'VH_M_internal_iliac_vein_L', 'VH_M_left_colic_vein', 'VH_M_middle_rectal_vein_L', 'VH_M_left_subclavian_artery_b', 'VH_M_anterior_cardiac_vein', 'VH_M_inferior_vena_cava_b', 'VH_M_splenic_vein', 'VH_M_right_hepatic_artery']","['VH_M_inferior_ophthalmic_vein_L', 'VH_M_superior_ophthalmic_vein_L', 'VH_M_superior_ophthalmic_vein_R', 'VH_M_inferior_ophthalmic_vein_R', 'VH_M_opthalmic_artery_L', 'VH_M_inferior_mesenteric_vein', 'VH_M_sigmoid_vein', 'VH_M_superior_mesenteric_vein', 'VH_M_superior_rectal_vein', 'VH_M_inferior_pancreaticoduodenal_vein', 'VH_M_middle_colic_artery', 'VH_M_sigmoid_artery_a', 'VH_M_sigmoid_artery_b', 'VH_M_sigmoid_artery_c', 'VH_M_brachiocephalic_artery_b', 'VH_M_left_subclavian_artery_b', 'VH_M_left_coronary_artery', 'VH_M_pulmonary_artery_L', 'VH_M_pulmonary_trunk', 'VH_M_anterior_cardiac_vein', 'VH_M_inferior_vena_cava_b', 'VH_M_inferior_vena_cava_a', 'VH_M_splenic_vein', 'VH_M_splenic_artery', 'VH_M_left_hepatic_artery']"
189,vh_m_blood_vasculature-20.fbx,55811,"['VH_M_central_retinal_vein_L', 'VH_M_superior_ophthalmic_vein_R', 'VH_M_central_retinal_vein_R', 'VH_M_opthalmic_artery_L', 'VH_M_left_colic_vein', 'VH_M_middle_rectal_vein_L', 'VH_M_left_subclavian_artery_b', 'VH_M_anterior_cardiac_vein', 'VH_M_inferior_vena_cava_b', 'VH_M_right_hepatic_artery']","['VH_M_ophthalmic_vein_L', 'VH_M_superior_ophthalmic_vein_R', 'VH_M_inferior_mesenteric_vein', 'VH_M_superior_rectal_vein', 'VH_M_internal_iliac_vein_R', 'VH_M_sigmoid_artery_b', 'VH_M_brachiocephalic_artery_b', 'VH_M_left_subclavian_artery_b', 'VH_M_pulmonary_trunk', 'VH_M_inferior_vena_cava_b', 'VH_M_inferior_vena_cava_a', 'VH_M_splenic_artery']"
190,vh_m_blood_vasculature-40.fbx,112777,"['VH_M_superior_ophthalmic_vein_R', 'VH_M_central_retinal_vein_R', 'VH_M_opthalmic_artery_R', 'VH_M_opthalmic_artery_L', 'VH_M_left_colic_vein', 'VH_M_middle_rectal_vein_L', 'VH_M_left_subclavian_artery_b', 'VH_M_anterior_cardiac_vein', 'VH_M_inferior_vena_cava_b', 'VH_M_splenic_vein', 'VH_M_right_hepatic_artery']","['VH_M_ophthalmic_vein_L', 'VH_M_inferior_mesenteric_vein', 'VH_M_sigmoid_vein', 'VH_M_superior_mesenteric_vein', 'VH_M_superior_rectal_vein', 'VH_M_middle_colic_artery', 'VH_M_sigmoid_artery_b', 'VH_M_sigmoid_artery_c', 'VH_M_inferior_mesenteric_artery', 'VH_M_brachiocephalic_artery_b', 'VH_M_left_subclavian_artery_b', 'VH_M_pulmonary_artery_L', 'VH_M_pulmonary_trunk', 'VH_M_inferior_vena_cava_b', 'VH_M_inferior_vena_cava_a', 'VH_M_splenic_artery']"
191,vh_m_blood_vasculature-80.fbx,228890,"['VH_M_superior_ophthalmic_vein_R', 'VH_M_opthalmic_artery_R', 'VH_M_opthalmic_artery_L', 'VH_M_internal_iliac_vein_L', 'VH_M_left_colic_vein', 'VH_M_middle_rectal_vein_L', 'VH_M_left_subclavian_artery_b', 'VH_M_anterior_cardiac_vein', 'VH_M_inferior_vena_cava_b', 'VH_M_splenic_vein', 'VH_M_right_hepatic_artery']","['VH_M_inferior_ophthalmic_vein_L', 'VH_M_superior_ophthalmic_vein_L', 'VH_M_ophthalmic_vein_L', 'VH_M_superior_ophthalmic_vein_R', 'VH_M_inferior_ophthalmic_vein_R', 'VH_M_inferior_mesenteric_vein', 'VH_M_sigmoid_vein', 'VH_M_superior_mesenteric_vein', 'VH_M_superior_rectal_vein', 'VH_M_middle_colic_artery', 'VH_M_sigmoid_artery_b', 'VH_M_brachiocephalic_artery_b', 'VH_M_left_subclavian_artery_b', 'VH_M_pulmonary_artery_L', 'VH_M_pulmonary_trunk', 'VH_M_anterior_cardiac_vein', 'VH_M_inferior_vena_cava_b', 'VH_M_inferior_vena_cava_a', 'VH_M_splenic_vein', 'VH_M_splenic_artery', 'VH_M_left_hepatic_artery']"
192,vh_m_heart-100.fbx,159631,[],"['VH_M_mitral_valve', 'VH_M_papillary_muscle_of_heart_anterior', 'VH_M_papillary_muscle_of_heart_medial', 'VH_M_right_cardiac_atrium', 'VH_M_heart_right_ventricle', 'VH_M_interventricular_septum']"
193,vh_m_heart-20.fbx,31972,[],"['VH_M_mitral_valve', 'VH_M_papillary_muscle_of_heart_anterior', 'VH_M_papillary_muscle_of_heart_medial', 'VH_M_right_cardiac_atrium']"
194,vh_m_heart-40.fbx,63984,[],"['VH_M_mitral_valve', 'VH_M_papillary_muscle_of_heart_anterior', 'VH_M_papillary_muscle_of_heart_medial', 'VH_M_right_cardiac_atrium', 'VH_M_heart_right_ventricle', 'VH_M_interventricular_septum']"
195,vh_m_heart-80.fbx,127992,[],"['VH_M_mitral_valve', 'VH_M_papillary_muscle_of_heart_anterior', 'VH_M_papillary_muscle_of_heart_medial', 'VH_M_right_cardiac_atrium', 'VH_M_heart_right_ventricle', 'VH_M_interventricular_septum']"
196,vh_m_kidney_l-100.fbx,83393,['VH_M_outer_cortex_of_kidney_L'],"['VH_M_kidney_capsule_L', 'VH_M_hilum_of_kidney_L', 'VH_M_renal_column_L']"
197,vh_m_kidney_l-20.fbx,16519,['VH_M_outer_cortex_of_kidney_L'],"['VH_M_kidney_capsule_L', 'VH_M_hilum_of_kidney_L', 'VH_M_renal_column_L', 'VH_M_renal_pyramid_L_f']"
198,vh_m_kidney_l-40.fbx,33181,['VH_M_outer_cortex_of_kidney_L'],"['VH_M_kidney_capsule_L', 'VH_M_hilum_of_kidney_L']"
199,vh_m_kidney_l-80.fbx,66601,['VH_M_outer_cortex_of_kidney_L'],"['VH_M_kidney_capsule_L', 'VH_M_hilum_of_kidney_L', 'VH_M_renal_column_L']"
200,vh_m_kidney_r-100.fbx,84018,[],"['VH_M_kidney_capsule_R', 'VH_M_hilum_of_kidney_R', 'VH_M_renal_papilla_R_j', 'VH_M_renal_column_R', 'VH_M_outer_cortex_of_kidney_R']"
201,vh_m_kidney_r-20.fbx,16580,[],"['VH_M_kidney_capsule_R', 'VH_M_hilum_of_kidney_R', 'VH_M_renal_column_R']"
202,vh_m_kidney_r-40.fbx,33359,[],"['VH_M_kidney_capsule_R', 'VH_M_hilum_of_kidney_R', 'VH_M_renal_column_R']"
203,vh_m_kidney_r-80.fbx,67030,[],"['VH_M_kidney_capsule_R', 'VH_M_hilum_of_kidney_R', 'VH_M_renal_papilla_R_j', 'VH_M_renal_column_R']"
204,vh_m_knee_l-100.fbx,22903,"['VH_M_posterior_cruciate_enthesis_L', 'VH_M_medial_epicondylar_enthesis_L', 'VH_M_femur_L']","['VH_M_articular_cartilage_of_knee_L', 'VH_M_anterior_cruciate_enthesis_L', 'VH_M_intercondylar_fossa_L', 'VH_M_lateral_condyle_of_femur_frontal_L', 'VH_M_lateral_epicondylar_enthesis_L', 'VH_M_lateral_perichondular_surface_L', 'VH_M_medial_perichondular_surface_L']"
205,vh_m_knee_l-20.fbx,4498,['VH_M_medial_epicondylar_enthesis_L'],"['VH_M_articular_cartilage_of_knee_L', 'VH_M_anterior_cruciate_enthesis_L', 'VH_M_patellar_surface_L', 'VH_M_femur_L']"
206,vh_m_knee_l-40.fbx,9079,"['VH_M_articular_cartilage_of_knee_L', 'VH_M_lateral_epicondylar_enthesis_L', 'VH_M_medial_epicondylar_enthesis_L', 'VH_M_femur_L']","['VH_M_articular_cartilage_of_knee_L', 'VH_M_anterior_cruciate_enthesis_L', 'VH_M_posterior_cruciate_enthesis_L', 'VH_M_intercondylar_fossa_L', 'VH_M_lateral_perichondular_surface_L', 'VH_M_distal_most_point_of_medial_condyle_of_femur_L', 'VH_M_medial_perichondular_surface_L']"
207,vh_m_knee_l-80.fbx,18262,"['VH_M_posterior_cruciate_enthesis_L', 'VH_M_medial_epicondylar_enthesis_L', 'VH_M_femur_L']","['VH_M_articular_cartilage_of_knee_L', 'VH_M_anterior_cruciate_enthesis_L', 'VH_M_intercondylar_fossa_L', 'VH_M_lateral_condyle_of_femur_frontal_L', 'VH_M_lateral_condyle_of_femur_sup_L', 'VH_M_lateral_epicondylar_enthesis_L', 'VH_M_lateral_perichondular_surface_L', 'VH_M_medial_condyle_of_left_femur_inf', 'VH_M_medial_perichondular_surface_L', 'VH_M_patellar_surface_L']"
208,vh_m_knee_r-100.fbx,22902,"['VH_M_posterior_cruciate_enthesis_R', 'VH_M_medial_epicondylar_enthesis_R', 'VH_M_medial_perichondular_surface_R', 'VH_M_femur_R']","['VH_M_articular_cartilage_of_knee_R', 'VH_M_anterior_cruciate_enthesis_R', 'VH_M_intercondylar_fossa_R', 'VH_M_lateral_condyle_of_femur_frontal_R', 'VH_M_lateral_epicondylar_enthesis_R', 'VH_M_lateral_perichondular_surface_R', 'VH_M_distal_most_point_of_medial_condyle_of_femur_R', 'VH_M_medial_condyle_of_right_femur_inf']"
209,vh_m_knee_r-20.fbx,4498,['VH_M_medial_epicondylar_enthesis_R'],"['VH_M_articular_cartilage_of_knee_R', 'VH_M_anterior_cruciate_enthesis_R', 'VH_M_posterior_cruciate_enthesis_R', 'VH_M_intercondylar_fossa_R', 'VH_M_lateral_epicondylar_enthesis_R', 'VH_M_medial_perichondular_surface_R', 'VH_M_patellar_surface_R', 'VH_M_femur_R']"
210,vh_m_knee_r-40.fbx,9088,"['VH_M_lateral_epicondylar_enthesis_R', 'VH_M_medial_epicondylar_enthesis_R', 'VH_M_femur_R']","['VH_M_anterior_cruciate_enthesis_R', 'VH_M_posterior_cruciate_enthesis_R', 'VH_M_intercondylar_fossa_R', 'VH_M_lateral_epicondylar_enthesis_R', 'VH_M_lateral_perichondular_surface_R', 'VH_M_medial_perichondular_surface_R', 'VH_M_patellar_surface_R']"
211,vh_m_knee_r-80.fbx,18267,"['VH_M_posterior_cruciate_enthesis_R', 'VH_M_medial_epicondylar_enthesis_R', 'VH_M_medial_perichondular_surface_R', 'VH_M_femur_R']","['VH_M_articular_cartilage_of_knee_R', 'VH_M_anterior_cruciate_enthesis_R', 'VH_M_intercondylar_fossa_R', 'VH_M_lateral_epicondylar_enthesis_R', 'VH_M_lateral_perichondular_surface_R', 'VH_M_medial_condyle_of_right_femur_sup']"
212,vh_m_liver-100.fbx,60220,"['VH_M_diaphragmatic_surface', 'VH_M_duodenal_impression_of_liver', 'VH_M_left_posterolateral_segment', 'VH_M_falciform_ligament', 'VH_M_coronary_ligament_of_liver']","['VH_M_bare_area_of_liver', 'VH_M_diaphragmatic_surface', 'VH_M_suprarenal_impression_of_liver', 'VH_M_renal_impression_of_liver', 'VH_M_gastric_impression_of_liver', 'VH_M_colic_impression_of_liver', 'VH_M_esophageal_impression_of_liver', 'VH_M_porta_hepatis', 'VH_M_caudate_lobe_of_liver', 'VH_M_right_posteroinferior_segment', 'VH_M_right_posterosuperior_segment', 'VH_M_right_anteroinferior_segment', 'VH_M_left_anterolateral_segment', 'VH_M_left_posterolateral_segment', 'VH_M_left_superiomedial_segment', 'VH_M_quadrate_lobe_of_liver', 'VH_M_left_inferomedial_segment', 'VH_M_hepataduodenal_ligament', 'VH_M_ligamentum_venosum']"
213,vh_m_liver-20.fbx,11703,"['VH_M_diaphragmatic_surface', 'VH_M_duodenal_impression_of_liver', 'VH_M_falciform_ligament', 'VH_M_coronary_ligament_of_liver']","['VH_M_bare_area_of_liver', 'VH_M_diaphragmatic_surface', 'VH_M_suprarenal_impression_of_liver', 'VH_M_gastric_impression_of_liver', 'VH_M_colic_impression_of_liver', 'VH_M_esophageal_impression_of_liver', 'VH_M_porta_hepatis', 'VH_M_caudate_lobe_of_liver', 'VH_M_right_posteroinferior_segment', 'VH_M_right_anteroinferior_segment', 'VH_M_left_anterolateral_segment', 'VH_M_left_posterolateral_segment', 'VH_M_left_superiomedial_segment', 'VH_M_quadrate_lobe_of_liver', 'VH_M_left_inferomedial_segment']"
214,vh_m_liver-40.fbx,23766,"['VH_M_diaphragmatic_surface', 'VH_M_duodenal_impression_of_liver', 'VH_M_falciform_ligament', 'VH_M_coronary_ligament_of_liver']","['VH_M_bare_area_of_liver', 'VH_M_diaphragmatic_surface', 'VH_M_suprarenal_impression_of_liver', 'VH_M_renal_impression_of_liver', 'VH_M_gastric_impression_of_liver', 'VH_M_colic_impression_of_liver', 'VH_M_esophageal_impression_of_liver', 'VH_M_porta_hepatis', 'VH_M_caudate_lobe_of_liver', 'VH_M_right_posteroinferior_segment', 'VH_M_right_anteroinferior_segment', 'VH_M_left_anterolateral_segment', 'VH_M_left_posterolateral_segment', 'VH_M_left_superiomedial_segment', 'VH_M_quadrate_lobe_of_liver', 'VH_M_left_inferomedial_segment', 'VH_M_ligamentum_venosum', 'VH_M_round_ligament_of_liver', 'VH_M_coronary_ligament_of_liver']"
215,vh_m_liver-80.fbx,48097,"['VH_M_diaphragmatic_surface', 'VH_M_duodenal_impression_of_liver', 'VH_M_left_posterolateral_segment', 'VH_M_falciform_ligament', 'VH_M_coronary_ligament_of_liver']","['VH_M_bare_area_of_liver', 'VH_M_diaphragmatic_surface', 'VH_M_suprarenal_impression_of_liver', 'VH_M_renal_impression_of_liver', 'VH_M_gastric_impression_of_liver', 'VH_M_colic_impression_of_liver', 'VH_M_esophageal_impression_of_liver', 'VH_M_porta_hepatis', 'VH_M_caudate_lobe_of_liver', 'VH_M_right_posteroinferior_segment', 'VH_M_right_anterosuperior_segment', 'VH_M_right_anteroinferior_segment', 'VH_M_left_anterolateral_segment', 'VH_M_left_posterolateral_segment', 'VH_M_left_superiomedial_segment', 'VH_M_quadrate_lobe_of_liver', 'VH_M_left_inferomedial_segment', 'VH_M_hepataduodenal_ligament', 'VH_M_ligamentum_venosum', 'VH_M_triangular_ligament_of_liver']"
216,vh_m_pancreas-100.fbx,14128,[],"['VH_M_tail_of_pancreas', 'VH_M_head_of_pancreas', 'VH_M_neck_of_pancreas']"
217,vh_m_pancreas-20.fbx,2700,[],['VH_M_uncinate_process_of_the_pancreas']
218,vh_m_pancreas-40.fbx,5511,[],"['VH_M_tail_of_pancreas', 'VH_M_head_of_pancreas', 'VH_M_uncinate_process_of_the_pancreas']"
219,vh_m_pancreas-80.fbx,11220,[],"['VH_M_head_of_pancreas', 'VH_M_neck_of_pancreas', 'VH_M_uncinate_process_of_the_pancreas']"
220,vh_m_pelvis-100.fbx,73861,[],"['VH_M_sacrum', 'VH_M_ischium_spongy_bone_L']"
221,vh_m_pelvis-20.fbx,14672,[],"['VH_M_pubis_spongy_bone_R', 'VH_M_ischium_spongy_bone_L']"
222,vh_m_pelvis-40.fbx,29438,[],"['VH_M_sacrum', 'VH_M_pubis_spongy_bone_R', 'VH_M_ischium_spongy_bone_L']"
223,vh_m_pelvis-80.fbx,59032,[],"['VH_M_sacrum', 'VH_M_ischium_spongy_bone_L']"
224,vh_m_prostate-100.fbx,36819,"['VH_M_ejaculatory_duct', 'VH_M_prostatic_utricle', 'VH_M_prostate_duct_R', 'VH_M_prostate_duct_L', 'VH_M_base_of_prostate']","['VH_M_seminal_vesicle', 'VH_M_ejaculatory_duct', 'VH_M_seminal_colliculus', 'VH_M_apex_of_prostate', 'VH_M_base_of_prostate']"
225,vh_m_prostate-20.fbx,7138,"['VH_M_ejaculatory_duct', 'VH_M_prostatic_utricle', 'VH_M_prostate_duct_R']","['VH_M_ejaculatory_duct', 'VH_M_apex_of_prostate', 'VH_M_base_of_prostate']"
226,vh_m_prostate-40.fbx,14360,"['VH_M_ejaculatory_duct', 'VH_M_prostatic_utricle', 'VH_M_prostate_duct_R', 'VH_M_prostate_duct_L']","['VH_M_ejaculatory_duct', 'VH_M_prostatic_utricle', 'VH_M_seminal_colliculus', 'VH_M_apex_of_prostate', 'VH_M_base_of_prostate']"
227,vh_m_prostate-80.fbx,28883,"['VH_M_ejaculatory_duct', 'VH_M_prostatic_utricle', 'VH_M_prostate_duct_R', 'VH_M_prostate_duct_L', 'VH_M_base_of_prostate']","['VH_M_seminal_vesicle', 'VH_M_ejaculatory_duct', 'VH_M_seminal_colliculus', 'VH_M_apex_of_prostate', 'VH_M_base_of_prostate']"
228,vh_m_skin-100.fbx,185314,[],[]
229,vh_m_skin-20.fbx,37062,[],[]
230,vh_m_skin-40.fbx,74124,[],[]
231,vh_m_skin-80.fbx,148250,[],[]
232,vh_m_small_intestine-100.fbx,33240,[],"['VH_M_ileum_terminal', 'VH_M_ileum', 'VH_M_jejunum', 'VH_M_duodenum_ascending', 'VH_M_duodenum_descending', 'VH_M_duodenum_horizonal', 'VH_M_duodenal_ampulla', 'VH_M_duodenum_superior']"
233,vh_m_small_intestine-20.fbx,6612,[],"['VH_M_ileum_terminal', 'VH_M_ileum', 'VH_M_jejunum', 'VH_M_duodenum_ascending', 'VH_M_duodenum_descending', 'VH_M_duodenum_horizonal', 'VH_M_duodenal_ampulla', 'VH_M_duodenum_superior']"
234,vh_m_small_intestine-40.fbx,13263,[],"['VH_M_ileum_terminal', 'VH_M_ileum', 'VH_M_jejunum', 'VH_M_duodenum_ascending', 'VH_M_duodenum_descending', 'VH_M_duodenum_horizonal', 'VH_M_duodenal_ampulla', 'VH_M_duodenum_superior']"
235,vh_m_small_intestine-80.fbx,26550,[],"['VH_M_ileum_terminal', 'VH_M_ileum', 'VH_M_jejunum', 'VH_M_duodenum_ascending', 'VH_M_duodenum_descending', 'VH_M_duodenum_horizonal', 'VH_M_duodenal_ampulla', 'VH_M_duodenum_superior']"
236,vh_m_spinal_cord-100.fbx,16357,"['VH_M_C2_segment_of_cervical_spinal_cord', 'VH_M_C5_segment_of_cervical_spinal_cord', 'VH_M_sixth_thoracic_spinal_cord_segment', 'VH_M_seventh_thoracic_spinal_cord_segment']","['VH_M_tenth_thoracic_spinal_cord_segment', 'VH_M_first_lumbar_spinal_cord_segment']"
237,vh_m_spinal_cord-20.fbx,2748,"['VH_M_C5_segment_of_cervical_spinal_cord', 'VH_M_sixth_thoracic_spinal_cord_segment']",['VH_M_second_lumbar_spinal_cord_segment']
238,vh_m_spinal_cord-40.fbx,5890,"['VH_M_C5_segment_of_cervical_spinal_cord', 'VH_M_sixth_thoracic_spinal_cord_segment', 'VH_M_seventh_thoracic_spinal_cord_segment']","['VH_M_C6_segment_of_cervical_spinal_cord', 'VH_M_first_lumbar_spinal_cord_segment']"
239,vh_m_spinal_cord-80.fbx,12783,"['VH_M_C2_segment_of_cervical_spinal_cord', 'VH_M_C5_segment_of_cervical_spinal_cord', 'VH_M_sixth_thoracic_spinal_cord_segment', 'VH_M_seventh_thoracic_spinal_cord_segment']","['VH_M_first_lumbar_spinal_cord_segment', 'VH_M_second_lumbar_spinal_cord_segment']"
240,vh_m_spleen-100.fbx,16867,[],"['VH_M_colic_surface_of_spleen', 'VH_M_gastric_surface_of_spleen', 'VH_M_hilum_of_spleen', 'VH_M_renal_surface_of_spleen']"
241,vh_m_spleen-20.fbx,3210,[],"['VH_M_colic_surface_of_spleen', 'VH_M_gastric_surface_of_spleen', 'VH_M_hilum_of_spleen', 'VH_M_renal_surface_of_spleen']"
242,vh_m_spleen-40.fbx,6572,[],"['VH_M_colic_surface_of_spleen', 'VH_M_gastric_surface_of_spleen', 'VH_M_hilum_of_spleen', 'VH_M_renal_surface_of_spleen']"
243,vh_m_spleen-80.fbx,13388,[],"['VH_M_colic_surface_of_spleen', 'VH_M_diaphragmatic_surface_of_spleen', 'VH_M_gastric_surface_of_spleen', 'VH_M_hilum_of_spleen', 'VH_M_renal_surface_of_spleen']"
244,vh_m_thymus-100.fbx,2729,[],['VH_M_thymus_lobe_R']
245,vh_m_thymus-20.fbx,539,[],['VH_M_thymus_lobe_R']
246,vh_m_thymus-40.fbx,1083,[],['VH_M_thymus_lobe_R']
247,vh_m_thymus-80.fbx,2177,[],[]
248,vh_m_ureter_l-100.fbx,30534,[],"['VH_M_renal_pelvis_L', 'VH_M_major_calyx_L_a', 'VH_M_major_calyx_L_b', 'VH_M_major_calyx_L_c', 'VH_M_minor_calyx_L_a', 'VH_M_minor_calyx_L_b', 'VH_M_minor_calyx_L_c', 'VH_M_minor_calyx_L_d', 'VH_M_minor_calyx_L_e', 'VH_M_minor_calyx_L_f', 'VH_M_minor_calyx_L_g', 'VH_M_minor_calyx_L_h', 'VH_M_minor_calyx_L_i', 'VH_M_ureter_L']"
249,vh_m_ureter_l-20.fbx,5783,[],"['VH_M_renal_pelvis_L', 'VH_M_major_calyx_L_a', 'VH_M_major_calyx_L_b', 'VH_M_major_calyx_L_c', 'VH_M_minor_calyx_L_a', 'VH_M_minor_calyx_L_b', 'VH_M_minor_calyx_L_c', 'VH_M_minor_calyx_L_d', 'VH_M_minor_calyx_L_e', 'VH_M_minor_calyx_L_f', 'VH_M_minor_calyx_L_g', 'VH_M_minor_calyx_L_h', 'VH_M_minor_calyx_L_i', 'VH_M_ureter_L']"
250,vh_m_ureter_l-40.fbx,11811,[],"['VH_M_renal_pelvis_L', 'VH_M_major_calyx_L_a', 'VH_M_major_calyx_L_b', 'VH_M_major_calyx_L_c', 'VH_M_minor_calyx_L_a', 'VH_M_minor_calyx_L_b', 'VH_M_minor_calyx_L_c', 'VH_M_minor_calyx_L_d', 'VH_M_minor_calyx_L_e', 'VH_M_minor_calyx_L_f', 'VH_M_minor_calyx_L_g', 'VH_M_minor_calyx_L_h', 'VH_M_minor_calyx_L_i', 'VH_M_ureter_L']"
251,vh_m_ureter_l-80.fbx,24211,[],"['VH_M_renal_pelvis_L', 'VH_M_major_calyx_L_a', 'VH_M_major_calyx_L_b', 'VH_M_major_calyx_L_c', 'VH_M_minor_calyx_L_a', 'VH_M_minor_calyx_L_b', 'VH_M_minor_calyx_L_c', 'VH_M_minor_calyx_L_d', 'VH_M_minor_calyx_L_e', 'VH_M_minor_calyx_L_f', 'VH_M_minor_calyx_L_g', 'VH_M_minor_calyx_L_h', 'VH_M_minor_calyx_L_i', 'VH_M_ureter_L']"
252,vh_m_ureter_r-100.fbx,28122,[],"['VH_M_major_calyx_R_a', 'VH_M_major_calyx_R_b', 'VH_M_minor_calyx_R_a', 'VH_M_minor_calyx_R_b', 'VH_M_minor_calyx_R_c', 'VH_M_minor_calyx_R_d', 'VH_M_minor_calyx_R_e', 'VH_M_minor_calyx_R_f', 'VH_M_minor_calyx_R_g', 'VH_M_minor_calyx_R_h', 'VH_M_minor_calyx_R_i', 'VH_M_renal_pelvis_R', 'VH_M_ureter_R']"
253,vh_m_ureter_r-20.fbx,5284,[],"['VH_M_major_calyx_R_a', 'VH_M_major_calyx_R_b', 'VH_M_minor_calyx_R_a', 'VH_M_minor_calyx_R_b', 'VH_M_minor_calyx_R_c', 'VH_M_minor_calyx_R_d', 'VH_M_minor_calyx_R_e', 'VH_M_minor_calyx_R_f', 'VH_M_minor_calyx_R_g', 'VH_M_minor_calyx_R_h', 'VH_M_minor_calyx_R_i', 'VH_M_renal_pelvis_R', 'VH_M_ureter_R']"
254,vh_m_ureter_r-40.fbx,10845,[],"['VH_M_major_calyx_R_a', 'VH_M_major_calyx_R_b', 'VH_M_minor_calyx_R_a', 'VH_M_minor_calyx_R_b', 'VH_M_minor_calyx_R_c', 'VH_M_minor_calyx_R_d', 'VH_M_minor_calyx_R_e', 'VH_M_minor_calyx_R_f', 'VH_M_minor_calyx_R_g', 'VH_M_minor_calyx_R_h', 'VH_M_minor_calyx_R_i', 'VH_M_renal_pelvis_R', 'VH_M_ureter_R']"
255,vh_m_ureter_r-80.fbx,22265,[],"['VH_M_major_calyx_R_a', 'VH_M_major_calyx_R_b', 'VH_M_minor_calyx_R_a', 'VH_M_minor_calyx_R_b', 'VH_M_minor_calyx_R_c', 'VH_M_minor_calyx_R_d', 'VH_M_minor_calyx_R_e', 'VH_M_minor_calyx_R_f', 'VH_M_minor_calyx_R_g', 'VH_M_minor_calyx_R_h', 'VH_M_minor_calyx_R_i', 'VH_M_renal_pelvis_R', 'VH_M_ureter_R']"
256,vh_m_urinary_bladder-100.fbx,10080,"['VH_M_urinary_bladder_neck_smooth_muscle', 'VH_M_trigone_of_urinary_bladder']","['VH_M_urinary_bladder_neck_smooth_muscle', 'VH_M_fundus_of_urinary_bladder_dome', 'VH_M_fundus_of_urinary_bladder_base1']"
257,vh_m_urinary_bladder-20.fbx,1872,['VH_M_urinary_bladder_neck_smooth_muscle'],"['VH_M_urinary_bladder_neck_smooth_muscle', 'VH_M_fundus_of_urinary_bladder_dome', 'VH_M_ureteral_orifice_R', 'VH_M_trigone_of_urinary_bladder', 'VH_M_fundus_of_urinary_bladder_base1']"
258,vh_m_urinary_bladder-40.fbx,3859,['VH_M_urinary_bladder_neck_smooth_muscle'],"['VH_M_urinary_bladder_neck_smooth_muscle', 'VH_M_fundus_of_urinary_bladder_dome', 'VH_M_trigone_of_urinary_bladder', 'VH_M_fundus_of_urinary_bladder_base1']"
259,vh_m_urinary_bladder-80.fbx,7975,"['VH_M_urinary_bladder_neck_smooth_muscle', 'VH_M_trigone_of_urinary_bladder']","['VH_M_urinary_bladder_neck_smooth_muscle', 'VH_M_fundus_of_urinary_bladder_dome', 'VH_M_fundus_of_urinary_bladder_base1']"
